timestamp,house_id,source_dataset,mains_power,appliance_category,appliance_power,native_sample_period,data_quality_flag,building,meter,appliance
2013-09-06 17:41:00+01:00,UKDALE_house_2,UKDALE,439.925,refrigeration,14.1,1,ok,2,5,fridge
2014-04-23 02:24:00+01:00,UKDALE_house_1,UKDALE,152.1,cooking,,1,gap,1,4,microwave
2014-09-24 17:27:00+01:00,UKDALE_house_1,UKDALE,589.2,cooking,0.0,1,ok,1,3,kettle
2014-11-07 03:25:00+00:00,UKDALE_house_1,UKDALE,272.18182,cooking,1.0,1,ok,1,6,toaster
2013-08-31 20:53:00+01:00,UKDALE_house_2,UKDALE,458.14816,entertainment,0.0,1,ok,2,7,television
2013-05-10 14:37:00+01:00,UKDALE_house_1,UKDALE,370.27274,cooking,1.0,1,ok,1,6,toaster
2014-05-21 08:02:00+01:00,UKDALE_house_1,UKDALE,1082.4736,entertainment,1.0,1,ok,1,7,television
2013-12-20 11:49:00+00:00,UKDALE_house_1,UKDALE,414.53333,laundry,612.2,1,ok,1,1,washing_machine
2013-10-12 01:11:00+01:00,UKDALE_house_1,UKDALE,93.25,refrigeration,0.0,1,ok,1,5,fridge
2014-07-09 23:29:00+01:00,UKDALE_house_5,UKDALE,386.2,entertainment,0.0,1,ok,5,7,television
2013-03-13 01:52:00+00:00,UKDALE_house_4,UKDALE,207.2889,cooking,0.0,1,ok,4,3,kettle
2013-05-22 20:08:00+01:00,UKDALE_house_2,UKDALE,345.83334,entertainment,0.44444445,1,ok,2,7,television
2013-03-27 21:46:00+00:00,UKDALE_house_2,UKDALE,541.4722,laundry,438.6,1,ok,2,1,washing_machine
2013-06-02 13:30:00+01:00,UKDALE_house_2,UKDALE,165.38889,cooking,3.0,1,ok,2,4,microwave
2013-09-30 19:27:00+01:00,UKDALE_house_1,UKDALE,323.82858,entertainment,1.0,1,ok,1,7,television
2014-08-26 08:09:00+01:00,UKDALE_house_1,UKDALE,287.4643,cooking,20.222221,1,ok,1,4,microwave
2013-07-15 21:10:00+01:00,UKDALE_house_1,UKDALE,269.3846,water,0.0,1,ok,1,2,dishwasher
2013-04-13 00:53:00+01:00,UKDALE_house_2,UKDALE,129.6875,cooking,,1,gap,2,4,microwave
2013-07-17 00:43:00+01:00,UKDALE_house_1,UKDALE,188.04347,electronics,4.0,1,ok,1,8,computer
2013-08-13 23:21:00+01:00,UKDALE_house_4,UKDALE,313.54544,laundry,,1,gap,4,1,washing_machine
2013-04-02 18:16:00+01:00,UKDALE_house_4,UKDALE,904.6486,cooking,1147.4,1,ok,4,6,toaster
2013-05-04 22:11:00+01:00,UKDALE_house_4,UKDALE,449.24243,laundry,739.2222,1,ok,4,1,washing_machine
2014-10-07 21:42:00+01:00,UKDALE_house_1,UKDALE,704.75,refrigeration,0.0,1,ok,1,5,fridge
2013-07-29 11:58:00+01:00,UKDALE_house_1,UKDALE,251.04347,lighting,2.0,1,ok,1,9,lighting
2014-01-16 23:50:00+00:00,UKDALE_house_1,UKDALE,280.16666,cooking,,1,gap,1,4,microwave
2013-11-27 22:12:00+00:00,UKDALE_house_1,UKDALE,303.89474,entertainment,97.0,1,ok,1,7,television
2013-09-27 16:47:00+01:00,UKDALE_house_1,UKDALE,547.0,laundry,246.9,1,ok,1,1,washing_machine
2013-02-27 05:52:00+00:00,UKDALE_house_2,UKDALE,208.25926,electronics,,1,gap,2,8,computer
2014-07-28 13:54:00+01:00,UKDALE_house_1,UKDALE,308.15625,cooking,1.0,1,ok,1,6,toaster
2014-01-20 21:07:00+00:00,UKDALE_house_1,UKDALE,220.0,lighting,68.5,1,ok,1,9,lighting
2014-06-12 15:57:00+01:00,UKDALE_house_1,UKDALE,123.42105,cooking,44.9,1,ok,1,3,kettle
2013-09-13 18:53:00+01:00,UKDALE_house_2,UKDALE,378.03125,refrigeration,14.1,1,ok,2,5,fridge
2014-11-02 09:20:00+00:00,UKDALE_house_5,UKDALE,232.66667,cooking,60.11111,1,ok,5,3,kettle
2014-11-14 02:16:00+00:00,UKDALE_house_1,UKDALE,126.8,water,13.0,1,ok,1,2,dishwasher
2013-05-02 04:31:00+01:00,UKDALE_house_2,UKDALE,164.0,cooking,3.0,1,ok,2,4,microwave
2014-01-10 20:54:00+00:00,UKDALE_house_1,UKDALE,273.42105,cooking,1.0,1,ok,1,6,toaster
2014-05-11 02:46:00+01:00,UKDALE_house_1,UKDALE,171.25,water,12.833333,1,ok,1,2,dishwasher
2014-02-23 11:12:00+00:00,UKDALE_house_1,UKDALE,266.75,refrigeration,0.0,1,ok,1,5,fridge
2013-05-14 10:17:00+01:00,UKDALE_house_2,UKDALE,250.47058,cooking,6.0,1,ok,2,6,toaster
2014-02-03 09:47:00+00:00,UKDALE_house_1,UKDALE,118.7,water,12.0,1,ok,1,2,dishwasher
2012-11-30 03:54:00+00:00,UKDALE_house_1,UKDALE,95.8,refrigeration,0.0,1,ok,1,5,fridge
2013-02-26 01:22:00+00:00,UKDALE_house_1,UKDALE,130.82143,cooking,0.0,1,ok,1,3,kettle
2014-07-21 04:22:00+01:00,UKDALE_house_5,UKDALE,245.03448,electronics,18.2,1,ok,5,8,computer
2014-09-14 08:12:00+01:00,UKDALE_house_1,UKDALE,395.53333,cooking,0.0,1,ok,1,3,kettle
2014-01-25 03:11:00+00:00,UKDALE_house_1,UKDALE,73.15,entertainment,1.0,1,ok,1,7,television
2014-08-26 22:16:00+01:00,UKDALE_house_1,UKDALE,582.9545,entertainment,1.0,1,ok,1,7,television
2013-06-10 22:30:00+01:00,UKDALE_house_1,UKDALE,466.5862,cooking,1.0,1,ok,1,6,toaster
2013-03-26 14:40:00+00:00,UKDALE_house_4,UKDALE,244.04445,cooking,0.0,1,ok,4,6,toaster
2013-04-29 00:39:00+01:00,UKDALE_house_2,UKDALE,171.72414,cooking,0.0,1,ok,2,3,kettle
2014-04-22 10:47:00+01:00,UKDALE_house_1,UKDALE,111.4,entertainment,1.0,1,ok,1,7,television
2013-02-22 00:20:00+00:00,UKDALE_house_2,UKDALE,202.68,refrigeration,21.11111,1,ok,2,5,fridge
2013-05-01 08:55:00+01:00,UKDALE_house_2,UKDALE,253.87878,cooking,0.0,1,ok,2,3,kettle
2012-11-28 23:36:00+00:00,UKDALE_house_1,UKDALE,1279.35,laundry,2502.1,1,ok,1,1,washing_machine
2013-03-13 13:04:00+00:00,UKDALE_house_3,UKDALE,310.7353,refrigeration,0.0,1,ok,3,5,fridge
2013-07-05 01:57:00+01:00,UKDALE_house_4,UKDALE,189.0,laundry,,1,gap,4,1,washing_machine
2013-11-21 04:32:00+00:00,UKDALE_house_1,UKDALE,80.35,cooking,1.0,1,ok,1,6,toaster
2013-03-10 04:54:00+00:00,UKDALE_house_4,UKDALE,213.58333,cooking,8.0,1,ok,4,4,microwave
2013-10-23 00:51:00+01:00,UKDALE_house_1,UKDALE,132.46153,entertainment,1.0,1,ok,1,7,television
2014-09-09 12:03:00+01:00,UKDALE_house_5,UKDALE,292.14285,refrigeration,,1,gap,5,5,fridge
2014-11-09 12:43:00+00:00,UKDALE_house_1,UKDALE,365.81482,cooking,,1,gap,1,4,microwave
2013-08-21 13:41:00+01:00,UKDALE_house_2,UKDALE,967.3077,laundry,,1,gap,2,1,washing_machine
2014-08-10 22:05:00+01:00,UKDALE_house_1,UKDALE,617.069,cooking,,1,gap,1,4,microwave
2014-11-12 07:30:00+00:00,UKDALE_house_1,UKDALE,274.65,lighting,2.0,1,ok,1,9,lighting
2012-12-17 10:18:00+00:00,UKDALE_house_1,UKDALE,139.46666,water,0.0,1,ok,1,2,dishwasher
2014-06-25 23:56:00+01:00,UKDALE_house_1,UKDALE,123.65,cooking,,1,gap,1,4,microwave
2013-07-09 19:05:00+01:00,UKDALE_house_1,UKDALE,117.46875,water,0.0,1,ok,1,2,dishwasher
2013-08-16 11:40:00+01:00,UKDALE_house_2,UKDALE,103.57895,electronics,,1,gap,2,8,computer
2014-04-19 06:38:00+01:00,UKDALE_house_1,UKDALE,91.47369,water,12.111111,1,ok,1,2,dishwasher
2013-03-30 00:45:00+00:00,UKDALE_house_2,UKDALE,347.1613,water,32.6,1,ok,2,2,dishwasher
2014-08-19 15:30:00+01:00,UKDALE_house_5,UKDALE,273.65384,cooking,0.6,1,ok,5,4,microwave
2013-10-10 22:40:00+01:00,UKDALE_house_1,UKDALE,757.5,cooking,,1,gap,1,4,microwave
2014-10-03 22:30:00+01:00,UKDALE_house_1,UKDALE,473.26315,laundry,513.0,1,ok,1,1,washing_machine
2014-09-22 04:32:00+01:00,UKDALE_house_5,UKDALE,316.57144,cooking,0.0,1,ok,5,6,toaster
2013-08-19 15:18:00+01:00,UKDALE_house_4,UKDALE,160.86667,cooking,,1,gap,4,3,kettle
2013-02-19 12:16:00+00:00,UKDALE_house_2,UKDALE,329.45834,refrigeration,19.8,1,ok,2,5,fridge
2014-12-18 04:03:00+00:00,UKDALE_house_1,UKDALE,88.63158,cooking,,1,gap,1,4,microwave
2013-08-16 03:10:00+01:00,UKDALE_house_4,UKDALE,142.54546,cooking,,1,gap,4,3,kettle
2014-08-10 13:31:00+01:00,UKDALE_house_5,UKDALE,230.24243,refrigeration,0.22222222,1,ok,5,5,fridge
2014-02-14 16:58:00+00:00,UKDALE_house_1,UKDALE,259.16666,lighting,2.0,1,ok,1,9,lighting
2013-12-26 18:44:00+00:00,UKDALE_house_1,UKDALE,100.05556,laundry,200.11111,1,ok,1,1,washing_machine
2014-06-09 06:46:00+01:00,UKDALE_house_1,UKDALE,115.35294,entertainment,1.0,1,ok,1,7,television
2013-07-01 12:10:00+01:00,UKDALE_house_2,UKDALE,191.16129,cooking,0.0,1,ok,2,3,kettle
2014-09-20 05:36:00+01:00,UKDALE_house_5,UKDALE,191.84616,refrigeration,0.22222222,1,ok,5,5,fridge
2013-05-29 13:10:00+01:00,UKDALE_house_2,UKDALE,535.7353,cooking,3.0,1,ok,2,4,microwave
2013-06-27 14:03:00+01:00,UKDALE_house_4,UKDALE,164.09677,laundry,195.6,1,ok,4,1,washing_machine
2014-05-11 00:43:00+01:00,UKDALE_house_1,UKDALE,153.6875,laundry,233.9,1,ok,1,1,washing_machine
2014-11-27 08:33:00+00:00,UKDALE_house_1,UKDALE,1443.3889,water,13.0,1,ok,1,2,dishwasher
2013-03-24 03:03:00+00:00,UKDALE_house_2,UKDALE,233.86842,cooking,0.0,1,ok,2,3,kettle
2014-04-26 11:43:00+01:00,UKDALE_house_1,UKDALE,95.789474,laundry,188.88889,1,ok,1,1,washing_machine
2014-09-15 03:49:00+01:00,UKDALE_house_5,UKDALE,206.92592,cooking,0.0,1,ok,5,3,kettle
2014-10-13 12:59:00+01:00,UKDALE_house_1,UKDALE,324.75,water,12.888889,1,ok,1,2,dishwasher
2013-04-07 19:48:00+01:00,UKDALE_house_2,UKDALE,369.0,cooking,3.0,1,ok,2,4,microwave
2014-12-25 16:32:00+00:00,UKDALE_house_1,UKDALE,134.52632,laundry,270.55554,1,ok,1,1,washing_machine
2013-03-14 01:49:00+00:00,UKDALE_house_2,UKDALE,244.28206,cooking,0.0,1,ok,2,3,kettle
2014-11-03 17:44:00+00:00,UKDALE_house_1,UKDALE,249.17241,lighting,2.0,1,ok,1,9,lighting
2013-08-30 23:05:00+01:00,UKDALE_house_2,UKDALE,195.57895,lighting,1.0,1,ok,2,9,lighting
2013-04-08 02:03:00+01:00,UKDALE_house_4,UKDALE,381.27026,refrigeration,0.0,1,ok,4,5,fridge
2013-04-01 23:21:00+01:00,UKDALE_house_2,UKDALE,279.92856,laundry,291.44446,1,ok,2,1,washing_machine
2014-08-16 14:30:00+01:00,UKDALE_house_5,UKDALE,198.82759,cooking,0.0,1,ok,5,6,toaster
2013-10-03 12:51:00+01:00,UKDALE_house_2,UKDALE,138.18518,cooking,0.0,1,ok,2,3,kettle
2013-04-06 08:44:00+01:00,UKDALE_house_4,UKDALE,212.7619,cooking,8.0,1,ok,4,4,microwave
2013-09-14 15:34:00+01:00,UKDALE_house_1,UKDALE,195.37143,cooking,0.0,1,ok,1,3,kettle
2014-06-26 09:28:00+01:00,UKDALE_house_1,UKDALE,166.85,cooking,49.0,1,ok,1,3,kettle
2013-05-05 00:30:00+01:00,UKDALE_house_4,UKDALE,297.5,water,12.9,1,ok,4,2,dishwasher
2014-01-28 05:09:00+00:00,UKDALE_house_1,UKDALE,69.210526,refrigeration,0.0,1,ok,1,5,fridge
2013-09-17 20:11:00+01:00,UKDALE_house_1,UKDALE,952.02563,entertainment,1.0,1,ok,1,7,television
2013-12-13 22:31:00+00:00,UKDALE_house_1,UKDALE,406.35715,laundry,530.6,1,ok,1,1,washing_machine
2014-06-07 17:06:00+01:00,UKDALE_house_1,UKDALE,479.5,cooking,46.2,1,ok,1,3,kettle
2013-09-02 16:59:00+01:00,UKDALE_house_4,UKDALE,559.1515,water,15.0,1,ok,4,2,dishwasher
2013-03-20 07:14:00+00:00,UKDALE_house_1,UKDALE,647.6667,cooking,0.0,1,ok,1,4,microwave
2014-07-03 23:56:00+01:00,UKDALE_house_5,UKDALE,248.12122,cooking,0.7,1,ok,5,4,microwave
2013-06-06 12:57:00+01:00,UKDALE_house_4,UKDALE,278.4054,laundry,191.22223,1,ok,4,1,washing_machine
2014-10-01 06:41:00+01:00,UKDALE_house_5,UKDALE,334.08694,cooking,0.0,1,ok,5,6,toaster
2013-06-24 10:49:00+01:00,UKDALE_house_1,UKDALE,315.7931,laundry,211.0,1,ok,1,1,washing_machine
2013-07-14 14:35:00+01:00,UKDALE_house_2,UKDALE,1602.7693,cooking,60.0,1,ok,2,3,kettle
2014-09-11 00:52:00+01:00,UKDALE_house_1,UKDALE,311.52,lighting,2.0,1,ok,1,9,lighting
2013-05-13 22:39:00+01:00,UKDALE_house_2,UKDALE,615.7826,entertainment,11.1,1,ok,2,7,television
2014-10-10 20:05:00+01:00,UKDALE_house_1,UKDALE,438.0,electronics,148.66667,1,ok,1,8,computer
2014-07-08 05:07:00+01:00,UKDALE_house_5,UKDALE,287.0,cooking,0.5,1,ok,5,4,microwave
2013-09-25 21:21:00+01:00,UKDALE_house_2,UKDALE,421.47058,electronics,1.0,1,ok,2,8,computer
2013-06-12 03:50:00+01:00,UKDALE_house_4,UKDALE,130.2973,cooking,75.2,1,ok,4,4,microwave
2013-08-19 01:51:00+01:00,UKDALE_house_4,UKDALE,73.89474,laundry,,1,gap,4,1,washing_machine
2014-08-18 08:37:00+01:00,UKDALE_house_5,UKDALE,321.30768,water,1.0,1,ok,5,2,dishwasher
2013-09-04 14:04:00+01:00,UKDALE_house_1,UKDALE,353.92105,lighting,67.375,1,ok,1,9,lighting
2013-06-25 16:04:00+01:00,UKDALE_house_4,UKDALE,287.69232,cooking,7.888889,1,ok,4,4,microwave
2013-03-19 12:04:00+00:00,UKDALE_house_3,UKDALE,457.75674,water,1.0,1,ok,3,2,dishwasher
2013-02-27 23:08:00+00:00,UKDALE_house_2,UKDALE,198.24324,electronics,,1,gap,2,8,computer
2013-05-09 10:41:00+01:00,UKDALE_house_1,UKDALE,205.6,lighting,2.0,1,ok,1,9,lighting
2013-09-13 05:17:00+01:00,UKDALE_house_1,UKDALE,190.85294,cooking,0.0,1,ok,1,3,kettle
2013-08-08 13:16:00+01:00,UKDALE_house_2,UKDALE,708.2,laundry,,1,gap,2,1,washing_machine
2014-04-23 19:57:00+01:00,UKDALE_house_1,UKDALE,178.3,cooking,1.0,1,ok,1,6,toaster
2013-02-24 11:30:00+00:00,UKDALE_house_2,UKDALE,742.275,electronics,,1,gap,2,8,computer
2013-08-30 02:23:00+01:00,UKDALE_house_4,UKDALE,176.60527,refrigeration,82.9,1,ok,4,5,fridge
2012-12-25 00:27:00+00:00,UKDALE_house_1,UKDALE,150.15,cooking,0.0,1,ok,1,3,kettle
2013-11-12 17:58:00+00:00,UKDALE_house_1,UKDALE,148.47368,water,76.1,1,ok,1,2,dishwasher
2013-04-29 20:10:00+01:00,UKDALE_house_1,UKDALE,510.03333,water,0.0,1,ok,1,2,dishwasher
2014-03-05 06:56:00+00:00,UKDALE_house_1,UKDALE,158.15,cooking,0.0,1,ok,1,6,toaster
2014-08-25 05:36:00+01:00,UKDALE_house_5,UKDALE,284.90475,cooking,0.5,1,ok,5,4,microwave
2013-02-21 00:38:00+00:00,UKDALE_house_1,UKDALE,330.6,cooking,0.0,1,ok,1,3,kettle
2013-09-05 18:05:00+01:00,UKDALE_house_2,UKDALE,909.13513,cooking,6.7,1,ok,2,6,toaster
2014-04-09 00:26:00+01:00,UKDALE_house_1,UKDALE,124.57895,cooking,0.0,1,ok,1,3,kettle
2013-12-27 05:05:00+00:00,UKDALE_house_1,UKDALE,75.89474,electronics,0.0,1,ok,1,8,computer
2013-07-13 18:18:00+01:00,UKDALE_house_2,UKDALE,205.83333,water,0.0,1,ok,2,2,dishwasher
2014-11-08 04:02:00+00:00,UKDALE_house_5,UKDALE,205.31035,entertainment,0.0,1,ok,5,7,television
2013-06-30 05:16:00+01:00,UKDALE_house_4,UKDALE,135.19444,cooking,0.0,1,ok,4,6,toaster
2014-12-17 08:53:00+00:00,UKDALE_house_1,UKDALE,216.2,electronics,0.0,1,ok,1,8,computer
2013-07-12 02:02:00+01:00,UKDALE_house_2,UKDALE,150.5,refrigeration,15.8,1,ok,2,5,fridge
2013-04-08 01:05:00+01:00,UKDALE_house_4,UKDALE,614.2341,cooking,0.0,1,ok,4,6,toaster
2013-01-04 00:25:00+00:00,UKDALE_house_1,UKDALE,117.052635,entertainment,1.0,1,ok,1,7,television
2013-06-12 14:20:00+01:00,UKDALE_house_1,UKDALE,218.48648,cooking,39.0,1,ok,1,3,kettle
2012-11-29 04:41:00+00:00,UKDALE_house_1,UKDALE,170.65,laundry,242.1,1,ok,1,1,washing_machine
2013-06-04 05:48:00+01:00,UKDALE_house_1,UKDALE,130.47223,entertainment,1.0,1,ok,1,7,television
2013-07-10 19:21:00+01:00,UKDALE_house_1,UKDALE,141.67857,laundry,146.1,1,ok,1,1,washing_machine
2014-11-02 04:00:00+00:00,UKDALE_house_5,UKDALE,318.8889,lighting,5.2,1,ok,5,9,lighting
2014-12-18 00:47:00+00:00,UKDALE_house_1,UKDALE,121.55556,cooking,1.0,1,ok,1,6,toaster
2013-03-23 00:52:00+00:00,UKDALE_house_1,UKDALE,864.325,electronics,0.0,1,ok,1,8,computer
2014-07-18 07:37:00+01:00,UKDALE_house_1,UKDALE,388.33334,electronics,0.0,1,ok,1,8,computer
2013-08-18 16:42:00+01:00,UKDALE_house_4,UKDALE,130.70589,cooking,,1,gap,4,4,microwave
2013-03-23 20:57:00+00:00,UKDALE_house_3,UKDALE,533.2381,cooking,2.0,1,ok,3,3,kettle
2014-12-13 04:47:00+00:00,UKDALE_house_1,UKDALE,148.4375,cooking,,1,gap,1,4,microwave
2013-12-26 14:15:00+00:00,UKDALE_house_1,UKDALE,89.111115,lighting,2.0,1,ok,1,9,lighting
2013-02-20 17:26:00+00:00,UKDALE_house_2,UKDALE,351.13635,laundry,234.0,1,ok,2,1,washing_machine
2014-05-25 06:25:00+01:00,UKDALE_house_1,UKDALE,118.36842,laundry,236.55556,1,ok,1,1,washing_machine
2013-03-01 07:28:00+00:00,UKDALE_house_1,UKDALE,151.41667,cooking,,1,gap,1,4,microwave
2013-08-15 04:15:00+01:00,UKDALE_house_4,UKDALE,104.3,laundry,,1,gap,4,1,washing_machine
2014-09-15 00:30:00+01:00,UKDALE_house_1,UKDALE,280.8846,cooking,0.0,1,ok,1,6,toaster
2013-09-28 03:04:00+01:00,UKDALE_house_1,UKDALE,252.5,cooking,0.0,1,ok,1,3,kettle
2013-05-09 06:24:00+01:00,UKDALE_house_2,UKDALE,223.30302,cooking,3.0,1,ok,2,4,microwave
2014-04-04 22:38:00+01:00,UKDALE_house_1,UKDALE,237.75,lighting,73.75,1,ok,1,9,lighting
2013-08-16 00:29:00+01:00,UKDALE_house_2,UKDALE,121.84615,cooking,,1,gap,2,3,kettle
2013-09-20 22:32:00+01:00,UKDALE_house_2,UKDALE,342.42426,water,11.5,1,ok,2,2,dishwasher
2014-11-25 23:14:00+00:00,UKDALE_house_1,UKDALE,144.3158,refrigeration,0.0,1,ok,1,5,fridge
2013-06-28 18:22:00+01:00,UKDALE_house_2,UKDALE,385.26923,laundry,248.9,1,ok,2,1,washing_machine
2014-07-14 04:07:00+01:00,UKDALE_house_5,UKDALE,265.82758,laundry,566.3333,1,ok,5,1,washing_machine
2013-12-07 16:56:00+00:00,UKDALE_house_1,UKDALE,517.7692,entertainment,125.25,1,ok,1,7,television
2013-11-09 14:06:00+00:00,UKDALE_house_1,UKDALE,239.53334,cooking,0.0,1,ok,1,3,kettle
2012-12-27 20:22:00+00:00,UKDALE_house_1,UKDALE,116.31579,lighting,2.0,1,ok,1,9,lighting
2014-10-24 15:49:00+01:00,UKDALE_house_5,UKDALE,752.94446,cooking,192.8,1,ok,5,3,kettle
2014-07-12 07:20:00+01:00,UKDALE_house_1,UKDALE,371.4074,entertainment,125.625,1,ok,1,7,television
2014-06-29 19:54:00+01:00,UKDALE_house_5,UKDALE,299.17242,lighting,78.2,1,ok,5,9,lighting
2014-12-20 20:27:00+00:00,UKDALE_house_1,UKDALE,221.55,refrigeration,0.0,1,ok,1,5,fridge
2013-12-04 23:04:00+00:00,UKDALE_house_1,UKDALE,126.85,water,12.0,1,ok,1,2,dishwasher
2013-08-17 03:30:00+01:00,UKDALE_house_2,UKDALE,106.1,cooking,,1,gap,2,4,microwave
2013-08-14 16:30:00+01:00,UKDALE_house_2,UKDALE,165.5,refrigeration,,1,gap,2,5,fridge
2012-12-06 02:14:00+00:00,UKDALE_house_1,UKDALE,,electronics,,1,gap,1,8,computer
2013-07-09 22:00:00+01:00,UKDALE_house_2,UKDALE,216.13792,refrigeration,15.7,1,ok,2,5,fridge
2013-02-19 19:12:00+00:00,UKDALE_house_2,UKDALE,625.2308,cooking,18.5,1,ok,2,6,toaster
2013-09-10 02:25:00+01:00,UKDALE_house_2,UKDALE,234.47826,cooking,,1,gap,2,6,toaster
2013-10-16 23:47:00+01:00,UKDALE_house_1,UKDALE,127.73684,cooking,,1,gap,1,4,microwave
2014-04-29 13:28:00+01:00,UKDALE_house_1,UKDALE,252.58333,refrigeration,0.0,1,ok,1,5,fridge
2014-02-05 09:02:00+00:00,UKDALE_house_1,UKDALE,239.54546,laundry,253.8,1,ok,1,1,washing_machine
2014-11-09 19:57:00+00:00,UKDALE_house_1,UKDALE,458.26666,water,54.6,1,ok,1,2,dishwasher
2013-07-22 07:20:00+01:00,UKDALE_house_1,UKDALE,102.48485,electronics,4.2,1,ok,1,8,computer
2014-08-02 09:19:00+01:00,UKDALE_house_5,UKDALE,288.89285,laundry,545.9,1,ok,5,1,washing_machine
2013-03-21 23:47:00+00:00,UKDALE_house_3,UKDALE,325.6,refrigeration,0.0,1,ok,3,5,fridge
2014-10-01 15:18:00+01:00,UKDALE_house_5,UKDALE,400.82144,cooking,158.3,1,ok,5,3,kettle
2014-07-31 08:16:00+01:00,UKDALE_house_5,UKDALE,158.82353,electronics,18.3,1,ok,5,8,computer
2013-03-02 20:46:00+00:00,UKDALE_house_1,UKDALE,549.6923,electronics,292.2,1,ok,1,8,computer
2014-02-27 20:46:00+00:00,UKDALE_house_1,UKDALE,246.25,water,12.0,1,ok,1,2,dishwasher
2012-11-16 08:10:00+00:00,UKDALE_house_1,UKDALE,194.46666,cooking,1.0,1,ok,1,6,toaster
2014-10-11 14:26:00+01:00,UKDALE_house_5,UKDALE,300.30435,cooking,0.4,1,ok,5,4,microwave
2013-10-27 14:45:00+00:00,UKDALE_house_1,UKDALE,123.2,entertainment,1.0,1,ok,1,7,television
2014-10-04 23:30:00+01:00,UKDALE_house_1,UKDALE,662.5909,cooking,0.0,1,ok,1,6,toaster
2013-05-01 17:31:00+01:00,UKDALE_house_1,UKDALE,273.97223,electronics,0.0,1,ok,1,8,computer
2014-09-14 04:54:00+01:00,UKDALE_house_1,UKDALE,249.81818,cooking,0.0,1,ok,1,3,kettle
2014-01-29 22:22:00+00:00,UKDALE_house_1,UKDALE,254.57895,cooking,,1,gap,1,4,microwave
2013-06-04 23:27:00+01:00,UKDALE_house_2,UKDALE,199.94286,lighting,1.0,1,ok,2,9,lighting
2013-07-04 18:33:00+01:00,UKDALE_house_4,UKDALE,284.9643,refrigeration,,1,gap,4,5,fridge
2014-07-24 03:50:00+01:00,UKDALE_house_1,UKDALE,138.46153,water,12.0,1,ok,1,2,dishwasher
2013-07-26 14:17:00+01:00,UKDALE_house_2,UKDALE,136.3077,lighting,1.0,1,ok,2,9,lighting
2012-11-18 22:56:00+00:00,UKDALE_house_1,UKDALE,,refrigeration,,1,gap,1,5,fridge
2013-07-13 01:36:00+01:00,UKDALE_house_1,UKDALE,136.75,lighting,2.0,1,ok,1,9,lighting
2013-03-20 21:27:00+00:00,UKDALE_house_1,UKDALE,475.4,cooking,0.0,1,ok,1,4,microwave
2013-07-24 21:55:00+01:00,UKDALE_house_4,UKDALE,222.66667,laundry,,1,gap,4,1,washing_machine
2013-06-20 11:05:00+01:00,UKDALE_house_1,UKDALE,197.3871,laundry,172.5,1,ok,1,1,washing_machine
2013-04-04 05:48:00+01:00,UKDALE_house_4,UKDALE,242.1579,laundry,208.4,1,ok,4,1,washing_machine
2012-12-11 21:54:00+00:00,UKDALE_house_1,UKDALE,,cooking,,1,gap,1,6,toaster
2013-07-19 17:36:00+01:00,UKDALE_house_1,UKDALE,152.64285,electronics,4.0,1,ok,1,8,computer
2012-12-14 05:49:00+00:00,UKDALE_house_1,UKDALE,123.833336,electronics,0.0,1,ok,1,8,computer
2013-03-06 12:24:00+00:00,UKDALE_house_1,UKDALE,231.3871,lighting,2.0,1,ok,1,9,lighting
2013-07-16 15:21:00+01:00,UKDALE_house_1,UKDALE,134.28,laundry,226.9,1,ok,1,1,washing_machine
2012-12-29 23:46:00+00:00,UKDALE_house_1,UKDALE,136.10527,cooking,0.0,1,ok,1,3,kettle
2014-06-16 04:42:00+01:00,UKDALE_house_1,UKDALE,138.9375,lighting,2.0,1,ok,1,9,lighting
2014-05-17 19:33:00+01:00,UKDALE_house_1,UKDALE,136.65,electronics,4.0,1,ok,1,8,computer
2013-06-30 13:22:00+01:00,UKDALE_house_4,UKDALE,372.6857,cooking,0.6,1,ok,4,3,kettle
2013-02-27 07:19:00+00:00,UKDALE_house_2,UKDALE,289.14285,water,0.0,1,ok,2,2,dishwasher
2013-04-22 20:42:00+01:00,UKDALE_house_1,UKDALE,353.70587,entertainment,111.5,1,ok,1,7,television
2013-09-29 08:24:00+01:00,UKDALE_house_1,UKDALE,283.0606,entertainment,1.0,1,ok,1,7,television
2013-02-15 19:32:00+00:00,UKDALE_house_1,UKDALE,460.72223,electronics,0.0,1,ok,1,8,computer
2013-04-14 06:32:00+01:00,UKDALE_house_1,UKDALE,166.36667,entertainment,1.0,1,ok,1,7,television
2014-11-17 19:30:00+00:00,UKDALE_house_1,UKDALE,305.35,refrigeration,45.0,1,ok,1,5,fridge
2014-07-03 08:54:00+01:00,UKDALE_house_1,UKDALE,290.66666,water,12.5,1,ok,1,2,dishwasher
2013-08-29 14:49:00+01:00,UKDALE_house_2,UKDALE,225.44827,electronics,1.0,1,ok,2,8,computer
2014-10-09 11:19:00+01:00,UKDALE_house_1,UKDALE,386.25,electronics,0.0,1,ok,1,8,computer
2014-11-07 14:42:00+00:00,UKDALE_house_1,UKDALE,361.6087,electronics,0.0,1,ok,1,8,computer
2013-06-05 19:39:00+01:00,UKDALE_house_2,UKDALE,212.33333,lighting,1.0,1,ok,2,9,lighting
2014-08-27 06:14:00+01:00,UKDALE_house_5,UKDALE,196.63637,cooking,0.4,1,ok,5,4,microwave
2013-07-14 10:57:00+01:00,UKDALE_house_4,UKDALE,151.3793,water,,1,gap,4,2,dishwasher
2014-10-17 09:33:00+01:00,UKDALE_house_1,UKDALE,177.0,cooking,0.0,1,ok,1,3,kettle
2014-01-13 19:53:00+00:00,UKDALE_house_1,UKDALE,129.29411,entertainment,1.0,1,ok,1,7,television
2013-08-25 04:25:00+01:00,UKDALE_house_4,UKDALE,268.71875,cooking,0.7777778,1,ok,4,3,kettle
2013-06-09 21:59:00+01:00,UKDALE_house_4,UKDALE,396.66666,refrigeration,91.888885,1,ok,4,5,fridge
2014-07-18 09:09:00+01:00,UKDALE_house_5,UKDALE,221.125,water,1.0,1,ok,5,2,dishwasher
2013-07-27 05:45:00+01:00,UKDALE_house_2,UKDALE,124.166664,entertainment,1.0,1,ok,2,7,television
2013-07-21 13:42:00+01:00,UKDALE_house_4,UKDALE,134.12122,cooking,,1,gap,4,6,toaster
2013-04-17 17:35:00+01:00,UKDALE_house_1,UKDALE,496.30554,entertainment,1.0,1,ok,1,7,television
2014-01-12 07:09:00+00:00,UKDALE_house_1,UKDALE,81.947365,water,13.0,1,ok,1,2,dishwasher
2013-06-09 14:59:00+01:00,UKDALE_house_2,UKDALE,221.74359,cooking,3.0,1,ok,2,4,microwave
2013-01-30 00:45:00+00:00,UKDALE_house_1,UKDALE,,water,,1,gap,1,2,dishwasher
2014-02-14 11:20:00+00:00,UKDALE_house_1,UKDALE,1364.0588,water,56.0,1,ok,1,2,dishwasher
2013-07-09 00:17:00+01:00,UKDALE_house_1,UKDALE,114.48387,refrigeration,0.0,1,ok,1,5,fridge
2014-01-29 14:37:00+00:00,UKDALE_house_1,UKDALE,135.41667,electronics,0.0,1,ok,1,8,computer
2013-08-10 07:12:00+01:00,UKDALE_house_2,UKDALE,133.0625,cooking,,1,gap,2,6,toaster
2013-12-14 19:21:00+00:00,UKDALE_house_1,UKDALE,275.6316,cooking,1.0,1,ok,1,6,toaster
2014-03-10 00:43:00+00:00,UKDALE_house_1,UKDALE,100.5,cooking,,1,gap,1,4,microwave
2014-11-19 07:21:00+00:00,UKDALE_house_1,UKDALE,123.26316,electronics,0.0,1,ok,1,8,computer
2013-03-01 03:31:00+00:00,UKDALE_house_1,UKDALE,196.92308,cooking,,1,gap,1,4,microwave
2013-05-07 05:15:00+01:00,UKDALE_house_1,UKDALE,129.95,lighting,2.0,1,ok,1,9,lighting
2014-10-31 23:57:00+00:00,UKDALE_house_1,UKDALE,390.35,cooking,,1,gap,1,4,microwave
2013-05-02 00:06:00+01:00,UKDALE_house_1,UKDALE,616.68964,water,8.4,1,ok,1,2,dishwasher
2013-02-16 07:53:00+00:00,UKDALE_house_1,UKDALE,282.54544,cooking,0.0,1,ok,1,4,microwave
2013-01-06 19:17:00+00:00,UKDALE_house_1,UKDALE,328.35,cooking,0.0,1,ok,1,3,kettle
2013-05-22 18:41:00+01:00,UKDALE_house_4,UKDALE,837.3143,cooking,0.0,1,ok,4,6,toaster
2014-07-21 05:35:00+01:00,UKDALE_house_5,UKDALE,255.38461,cooking,0.0,1,ok,5,6,toaster
2012-12-08 02:27:00+00:00,UKDALE_house_1,UKDALE,,laundry,,1,gap,1,1,washing_machine
2013-07-25 15:05:00+01:00,UKDALE_house_1,UKDALE,142.69698,cooking,44.9,1,ok,1,3,kettle
2013-08-17 20:29:00+01:00,UKDALE_house_1,UKDALE,88.0,entertainment,1.0,1,ok,1,7,television
2013-03-25 22:41:00+00:00,UKDALE_house_2,UKDALE,1269.973,electronics,,1,gap,2,8,computer
2013-11-05 19:33:00+00:00,UKDALE_house_1,UKDALE,149.36842,cooking,1.0,1,ok,1,6,toaster
2014-02-28 13:04:00+00:00,UKDALE_house_1,UKDALE,224.42857,electronics,175.8,1,ok,1,8,computer
2014-02-18 05:35:00+00:00,UKDALE_house_1,UKDALE,97.947365,entertainment,1.0,1,ok,1,7,television
2014-07-08 17:57:00+01:00,UKDALE_house_1,UKDALE,324.13794,cooking,1.0,1,ok,1,6,toaster
2013-01-04 08:52:00+00:00,UKDALE_house_1,UKDALE,259.25,refrigeration,0.0,1,ok,1,5,fridge
2014-04-23 13:49:00+01:00,UKDALE_house_1,UKDALE,182.16667,laundry,394.875,1,ok,1,1,washing_machine
2013-09-22 10:59:00+01:00,UKDALE_house_2,UKDALE,251.59259,cooking,10.1,1,ok,2,4,microwave
2014-08-15 12:38:00+01:00,UKDALE_house_1,UKDALE,382.90475,cooking,,1,gap,1,4,microwave
2013-04-24 10:02:00+01:00,UKDALE_house_2,UKDALE,301.15,lighting,1.0,1,ok,2,9,lighting
2013-09-23 06:04:00+01:00,UKDALE_house_2,UKDALE,178.22858,cooking,6.0,1,ok,2,6,toaster
2013-11-10 17:29:00+00:00,UKDALE_house_1,UKDALE,796.0,cooking,1.0,1,ok,1,6,toaster
2014-03-04 18:41:00+00:00,UKDALE_house_1,UKDALE,219.2,entertainment,1.0,1,ok,1,7,television
2013-06-27 05:26:00+01:00,UKDALE_house_2,UKDALE,199.9375,water,0.0,1,ok,2,2,dishwasher
2013-08-22 21:30:00+01:00,UKDALE_house_2,UKDALE,290.375,water,,1,gap,2,2,dishwasher
2014-10-02 09:17:00+01:00,UKDALE_house_5,UKDALE,287.68182,cooking,56.9,1,ok,5,3,kettle
2014-09-01 11:42:00+01:00,UKDALE_house_1,UKDALE,242.125,lighting,2.0,1,ok,1,9,lighting
2013-04-07 17:50:00+01:00,UKDALE_house_1,UKDALE,628.9149,refrigeration,0.0,1,ok,1,5,fridge
2014-02-01 14:31:00+00:00,UKDALE_house_1,UKDALE,136.46666,lighting,2.0,1,ok,1,9,lighting
2014-10-05 12:34:00+01:00,UKDALE_house_1,UKDALE,520.3913,refrigeration,0.0,1,ok,1,5,fridge
2014-06-04 04:46:00+01:00,UKDALE_house_1,UKDALE,91.888885,cooking,,1,gap,1,4,microwave
2013-08-04 14:31:00+01:00,UKDALE_house_2,UKDALE,420.06668,cooking,60.0,1,ok,2,3,kettle
2013-03-19 23:40:00+00:00,UKDALE_house_4,UKDALE,202.06522,cooking,0.0,1,ok,4,3,kettle
2014-06-10 04:14:00+01:00,UKDALE_house_1,UKDALE,89.95,refrigeration,0.0,1,ok,1,5,fridge
2013-06-17 01:16:00+01:00,UKDALE_house_2,UKDALE,118.79487,cooking,0.0,1,ok,2,3,kettle
2013-08-05 19:00:00+01:00,UKDALE_house_2,UKDALE,93.89474,water,,1,gap,2,2,dishwasher
2013-12-22 07:36:00+00:00,UKDALE_house_1,UKDALE,80.052635,water,12.0,1,ok,1,2,dishwasher
2014-05-08 11:15:00+01:00,UKDALE_house_1,UKDALE,148.52632,laundry,252.44444,1,ok,1,1,washing_machine
2014-11-11 23:45:00+00:00,UKDALE_house_5,UKDALE,219.72,refrigeration,0.0,1,ok,5,5,fridge
2014-01-14 11:51:00+00:00,UKDALE_house_1,UKDALE,99.0,cooking,,1,gap,1,4,microwave
2013-05-22 09:34:00+01:00,UKDALE_house_1,UKDALE,131.87805,refrigeration,0.0,1,ok,1,5,fridge
2013-07-17 12:44:00+01:00,UKDALE_house_1,UKDALE,235.24,water,0.0,1,ok,1,2,dishwasher
2013-03-07 01:10:00+00:00,UKDALE_house_2,UKDALE,181.0,cooking,18.9,1,ok,2,6,toaster
2013-12-22 03:24:00+00:00,UKDALE_house_1,UKDALE,80.42105,cooking,0.0,1,ok,1,3,kettle
2014-04-12 14:23:00+01:00,UKDALE_house_1,UKDALE,99.36842,cooking,,1,gap,1,4,microwave
2013-05-01 19:15:00+01:00,UKDALE_house_1,UKDALE,320.65714,cooking,11.666667,1,ok,1,4,microwave
2014-03-04 17:41:00+00:00,UKDALE_house_1,UKDALE,200.6,cooking,0.0,1,ok,1,6,toaster
2013-12-09 08:38:00+00:00,UKDALE_house_1,UKDALE,198.6842,cooking,0.0,1,ok,1,3,kettle
2014-10-31 01:45:00+00:00,UKDALE_house_1,UKDALE,256.19232,laundry,262.6,1,ok,1,1,washing_machine
2013-07-11 20:56:00+01:00,UKDALE_house_2,UKDALE,235.0,water,27.3,1,ok,2,2,dishwasher
2014-01-20 10:45:00+00:00,UKDALE_house_1,UKDALE,192.05882,entertainment,1.0,1,ok,1,7,television
2013-07-11 02:54:00+01:00,UKDALE_house_2,UKDALE,136.48,water,0.0,1,ok,2,2,dishwasher
2013-07-31 22:18:00+01:00,UKDALE_house_2,UKDALE,286.06897,lighting,1.0,1,ok,2,9,lighting
2013-04-18 14:38:00+01:00,UKDALE_house_2,UKDALE,221.42857,refrigeration,13.7,1,ok,2,5,fridge
2013-08-22 21:12:00+01:00,UKDALE_house_2,UKDALE,254.33333,water,,1,gap,2,2,dishwasher
2014-04-20 17:56:00+01:00,UKDALE_house_1,UKDALE,106.42105,cooking,,1,gap,1,4,microwave
2014-07-22 22:52:00+01:00,UKDALE_house_5,UKDALE,411.84,water,1.0,1,ok,5,2,dishwasher
2013-05-10 14:42:00+01:00,UKDALE_house_1,UKDALE,432.25,cooking,45.5,1,ok,1,3,kettle
2014-05-24 07:53:00+01:00,UKDALE_house_1,UKDALE,152.82353,entertainment,1.0,1,ok,1,7,television
2013-06-02 22:38:00+01:00,UKDALE_house_1,UKDALE,208.88095,electronics,0.0,1,ok,1,8,computer
2013-03-19 13:26:00+00:00,UKDALE_house_4,UKDALE,311.08334,refrigeration,96.333336,1,ok,4,5,fridge
2013-07-09 09:37:00+01:00,UKDALE_house_4,UKDALE,136.45454,laundry,,1,gap,4,1,washing_machine
2014-11-30 20:12:00+00:00,UKDALE_house_1,UKDALE,310.6316,lighting,69.44444,1,ok,1,9,lighting
2014-01-01 11:18:00+00:00,UKDALE_house_1,UKDALE,244.8421,cooking,1.0,1,ok,1,6,toaster
2014-08-13 22:04:00+01:00,UKDALE_house_5,UKDALE,437.81818,laundry,1106.4445,1,ok,5,1,washing_machine
2013-09-12 22:32:00+01:00,UKDALE_house_2,UKDALE,357.57574,refrigeration,14.111111,1,ok,2,5,fridge
2013-02-27 06:16:00+00:00,UKDALE_house_2,UKDALE,223.6923,cooking,3.0,1,ok,2,4,microwave
2014-11-12 17:16:00+00:00,UKDALE_house_5,UKDALE,492.69565,laundry,891.3,1,ok,5,1,washing_machine
2013-12-03 10:25:00+00:00,UKDALE_house_1,UKDALE,217.7,water,13.4,1,ok,1,2,dishwasher
2014-12-09 13:51:00+00:00,UKDALE_house_1,UKDALE,198.58824,entertainment,1.0,1,ok,1,7,television
2013-04-15 00:34:00+01:00,UKDALE_house_2,UKDALE,99.433334,cooking,,1,gap,2,4,microwave
2013-08-27 06:54:00+01:00,UKDALE_house_1,UKDALE,264.9375,cooking,1.0,1,ok,1,6,toaster
2013-05-26 05:21:00+01:00,UKDALE_house_2,UKDALE,249.46153,refrigeration,12.888889,1,ok,2,5,fridge
2014-07-03 06:04:00+01:00,UKDALE_house_1,UKDALE,436.93332,laundry,181.1,1,ok,1,1,washing_machine
2013-07-11 04:02:00+01:00,UKDALE_house_1,UKDALE,127.17391,refrigeration,0.0,1,ok,1,5,fridge
2014-11-08 17:40:00+00:00,UKDALE_house_5,UKDALE,392.15,cooking,72.2,1,ok,5,3,kettle
2014-10-23 02:03:00+01:00,UKDALE_house_5,UKDALE,252.25926,cooking,0.0,1,ok,5,6,toaster
2014-08-14 06:24:00+01:00,UKDALE_house_1,UKDALE,268.26923,cooking,0.0,1,ok,1,3,kettle
2014-07-04 00:51:00+01:00,UKDALE_house_5,UKDALE,209.90909,entertainment,0.0,1,ok,5,7,television
2014-04-19 04:42:00+01:00,UKDALE_house_1,UKDALE,135.53847,water,12.0,1,ok,1,2,dishwasher
2013-04-17 07:36:00+01:00,UKDALE_house_2,UKDALE,281.92856,electronics,0.1,1,ok,2,8,computer
2014-05-21 00:15:00+01:00,UKDALE_house_1,UKDALE,147.6,cooking,1.0,1,ok,1,6,toaster
2013-09-10 05:53:00+01:00,UKDALE_house_2,UKDALE,138.64516,cooking,,1,gap,2,3,kettle
2013-04-06 21:56:00+01:00,UKDALE_house_2,UKDALE,394.5476,cooking,0.0,1,ok,2,3,kettle
2013-07-13 15:41:00+01:00,UKDALE_house_1,UKDALE,160.54167,lighting,2.0,1,ok,1,9,lighting
2014-09-13 02:54:00+01:00,UKDALE_house_1,UKDALE,314.04166,electronics,0.0,1,ok,1,8,computer
2013-07-22 03:25:00+01:00,UKDALE_house_4,UKDALE,99.72414,laundry,,1,gap,4,1,washing_machine
2013-09-28 17:17:00+01:00,UKDALE_house_1,UKDALE,255.48485,cooking,0.0,1,ok,1,3,kettle
2014-10-08 17:13:00+01:00,UKDALE_house_5,UKDALE,432.85,entertainment,0.0,1,ok,5,7,television
2014-02-04 23:29:00+00:00,UKDALE_house_1,UKDALE,198.875,cooking,9.666667,1,ok,1,4,microwave
2013-05-08 20:05:00+01:00,UKDALE_house_1,UKDALE,445.1,electronics,145.33333,1,ok,1,8,computer
2013-04-20 17:23:00+01:00,UKDALE_house_1,UKDALE,351.28204,cooking,,1,gap,1,4,microwave
2014-07-25 14:33:00+01:00,UKDALE_house_5,UKDALE,258.26086,electronics,18.3,1,ok,5,8,computer
2012-11-16 15:55:00+00:00,UKDALE_house_1,UKDALE,220.35,cooking,0.0,1,ok,1,3,kettle
2013-10-09 00:30:00+01:00,UKDALE_house_1,UKDALE,205.48,water,7.2,1,ok,1,2,dishwasher
2013-03-06 04:50:00+00:00,UKDALE_house_2,UKDALE,215.7931,cooking,18.6,1,ok,2,6,toaster
2013-05-01 20:47:00+01:00,UKDALE_house_2,UKDALE,410.25,water,14.4,1,ok,2,2,dishwasher
2013-03-02 08:27:00+00:00,UKDALE_house_1,UKDALE,182.0,cooking,,1,gap,1,4,microwave
2013-03-11 12:12:00+00:00,UKDALE_house_4,UKDALE,302.0,cooking,0.0,1,ok,4,3,kettle
2013-06-23 06:49:00+01:00,UKDALE_house_2,UKDALE,212.88461,entertainment,0.8,1,ok,2,7,television
2014-11-02 03:07:00+00:00,UKDALE_house_5,UKDALE,187.75862,lighting,5.5555553,1,ok,5,9,lighting
2014-07-25 08:14:00+01:00,UKDALE_house_1,UKDALE,213.05128,lighting,2.0,1,ok,1,9,lighting
2013-04-11 22:03:00+01:00,UKDALE_house_1,UKDALE,554.5,entertainment,88.0,1,ok,1,7,television
2014-05-03 09:02:00+01:00,UKDALE_house_1,UKDALE,133.45,lighting,2.0,1,ok,1,9,lighting
2014-05-15 22:48:00+01:00,UKDALE_house_1,UKDALE,216.86667,water,12.2,1,ok,1,2,dishwasher
2013-10-25 03:40:00+01:00,UKDALE_house_1,UKDALE,107.5,refrigeration,0.0,1,ok,1,5,fridge
2013-05-17 23:17:00+01:00,UKDALE_house_1,UKDALE,258.86365,water,12.0,1,ok,1,2,dishwasher
2013-11-29 19:58:00+00:00,UKDALE_house_1,UKDALE,405.57144,entertainment,103.888885,1,ok,1,7,television
2014-11-30 06:06:00+00:00,UKDALE_house_1,UKDALE,82.7,cooking,0.0,1,ok,1,3,kettle
2013-07-10 22:12:00+01:00,UKDALE_house_4,UKDALE,179.1923,cooking,,1,gap,4,4,microwave
2013-05-30 10:22:00+01:00,UKDALE_house_1,UKDALE,190.89473,cooking,,1,gap,1,4,microwave
2013-10-08 05:17:00+01:00,UKDALE_house_1,UKDALE,143.32,electronics,0.0,1,ok,1,8,computer
2013-09-12 08:22:00+01:00,UKDALE_house_1,UKDALE,527.4762,refrigeration,0.0,1,ok,1,5,fridge
2013-05-20 19:55:00+01:00,UKDALE_house_4,UKDALE,566.2222,cooking,0.0,1,ok,4,6,toaster
2013-07-02 06:25:00+01:00,UKDALE_house_1,UKDALE,214.79167,cooking,0.0,1,ok,1,3,kettle
2013-08-20 11:25:00+01:00,UKDALE_house_2,UKDALE,83.210526,entertainment,,1,gap,2,7,television
2014-12-08 05:04:00+00:00,UKDALE_house_1,UKDALE,167.35,entertainment,1.0,1,ok,1,7,television
2014-11-05 12:36:00+00:00,UKDALE_house_1,UKDALE,314.0476,laundry,253.9,1,ok,1,1,washing_machine
2014-06-18 09:36:00+01:00,UKDALE_house_1,UKDALE,208.0,entertainment,1.0,1,ok,1,7,television
2013-02-27 22:38:00+00:00,UKDALE_house_1,UKDALE,293.0,cooking,1.0,1,ok,1,6,toaster
2014-12-22 17:55:00+00:00,UKDALE_house_1,UKDALE,203.9,cooking,1.0,1,ok,1,6,toaster
2014-10-28 05:53:00+00:00,UKDALE_house_1,UKDALE,186.16667,laundry,150.66667,1,ok,1,1,washing_machine
2014-02-12 22:40:00+00:00,UKDALE_house_1,UKDALE,169.0625,water,12.0,1,ok,1,2,dishwasher
2012-12-07 14:46:00+00:00,UKDALE_house_1,UKDALE,,water,,1,gap,1,2,dishwasher
2013-09-21 07:53:00+01:00,UKDALE_house_2,UKDALE,176.64285,electronics,1.0,1,ok,2,8,computer
2013-10-28 20:42:00+00:00,UKDALE_house_1,UKDALE,302.4375,water,9.6,1,ok,1,2,dishwasher
2013-07-20 06:58:00+01:00,UKDALE_house_1,UKDALE,146.57143,entertainment,1.0,1,ok,1,7,television
2014-01-07 02:08:00+00:00,UKDALE_house_1,UKDALE,90.31579,cooking,,1,gap,1,4,microwave
2013-01-05 08:37:00+00:00,UKDALE_house_1,UKDALE,260.6316,cooking,1.0,1,ok,1,6,toaster
2013-07-05 18:29:00+01:00,UKDALE_house_4,UKDALE,823.13336,water,,1,gap,4,2,dishwasher
2013-09-19 00:30:00+01:00,UKDALE_house_2,UKDALE,206.84375,cooking,10.5,1,ok,2,4,microwave
2013-10-16 02:50:00+01:00,UKDALE_house_1,UKDALE,89.36842,water,12.0,1,ok,1,2,dishwasher
2013-10-28 14:02:00+00:00,UKDALE_house_1,UKDALE,169.1,laundry,179.88889,1,ok,1,1,washing_machine
2013-06-30 11:00:00+01:00,UKDALE_house_4,UKDALE,151.425,cooking,0.8,1,ok,4,3,kettle
2013-03-18 19:04:00+00:00,UKDALE_house_3,UKDALE,524.2222,refrigeration,0.0,1,ok,3,5,fridge
2013-04-11 10:22:00+01:00,UKDALE_house_1,UKDALE,727.28,refrigeration,0.0,1,ok,1,5,fridge
2014-08-18 00:00:00+01:00,UKDALE_house_5,UKDALE,317.33334,lighting,86.2,1,ok,5,9,lighting
2014-03-08 17:59:00+00:00,UKDALE_house_1,UKDALE,265.94736,entertainment,1.0,1,ok,1,7,television
2013-09-05 11:42:00+01:00,UKDALE_house_2,UKDALE,306.6087,entertainment,0.0,1,ok,2,7,television
2014-03-22 08:33:00+00:00,UKDALE_house_1,UKDALE,392.05884,lighting,2.0,1,ok,1,9,lighting
2014-07-26 22:08:00+01:00,UKDALE_house_5,UKDALE,442.0,cooking,125.8,1,ok,5,3,kettle
2013-09-01 17:50:00+01:00,UKDALE_house_2,UKDALE,943.8929,laundry,297.1,1,ok,2,1,washing_machine
2013-02-16 07:24:00+00:00,UKDALE_house_1,UKDALE,172.4,cooking,0.0,1,ok,1,4,microwave
2014-08-08 17:24:00+01:00,UKDALE_house_1,UKDALE,236.17241,laundry,155.7,1,ok,1,1,washing_machine
2014-01-04 01:07:00+00:00,UKDALE_house_1,UKDALE,89.210526,water,12.0,1,ok,1,2,dishwasher
2013-05-20 17:08:00+01:00,UKDALE_house_2,UKDALE,175.0,refrigeration,,1,gap,2,5,fridge
2013-05-15 03:28:00+01:00,UKDALE_house_2,UKDALE,321.79166,laundry,132.7,1,ok,2,1,washing_machine
2013-03-08 10:48:00+00:00,UKDALE_house_1,UKDALE,159.125,refrigeration,0.0,1,ok,1,5,fridge
2014-11-13 05:03:00+00:00,UKDALE_house_5,UKDALE,248.53847,entertainment,0.0,1,ok,5,7,television
2013-05-28 06:35:00+01:00,UKDALE_house_2,UKDALE,157.18182,entertainment,1.0,1,ok,2,7,television
2013-09-07 04:07:00+01:00,UKDALE_house_1,UKDALE,141.4375,laundry,158.2,1,ok,1,1,washing_machine
2014-04-22 09:44:00+01:00,UKDALE_house_1,UKDALE,103.47369,refrigeration,0.0,1,ok,1,5,fridge
2013-01-11 16:42:00+00:00,UKDALE_house_1,UKDALE,,cooking,,1,gap,1,4,microwave
2012-12-19 08:02:00+00:00,UKDALE_house_1,UKDALE,,cooking,,1,gap,1,4,microwave
2013-10-05 15:44:00+01:00,UKDALE_house_1,UKDALE,1226.2413,electronics,0.0,1,ok,1,8,computer
2013-05-18 21:07:00+01:00,UKDALE_house_4,UKDALE,143.78261,cooking,8.0,1,ok,4,4,microwave
2013-07-17 14:32:00+01:00,UKDALE_house_1,UKDALE,208.62962,cooking,44.4,1,ok,1,3,kettle
2013-08-13 06:44:00+01:00,UKDALE_house_1,UKDALE,75.388885,water,0.0,1,ok,1,2,dishwasher
2014-11-05 18:15:00+00:00,UKDALE_house_5,UKDALE,300.1111,cooking,0.0,1,ok,5,6,toaster
2013-07-10 19:11:00+01:00,UKDALE_house_1,UKDALE,131.34483,cooking,39.11111,1,ok,1,3,kettle
2013-10-05 00:41:00+01:00,UKDALE_house_2,UKDALE,151.53572,lighting,1.0,1,ok,2,9,lighting
2014-05-03 00:45:00+01:00,UKDALE_house_1,UKDALE,150.38461,cooking,0.0,1,ok,1,6,toaster
2013-05-17 04:26:00+01:00,UKDALE_house_2,UKDALE,182.64516,cooking,,1,gap,2,6,toaster
2014-10-23 19:08:00+01:00,UKDALE_house_1,UKDALE,804.9286,cooking,,1,gap,1,4,microwave
2014-09-27 13:42:00+01:00,UKDALE_house_1,UKDALE,237.68182,water,12.0,1,ok,1,2,dishwasher
2014-10-21 17:03:00+01:00,UKDALE_house_1,UKDALE,1462.8889,cooking,1.0,1,ok,1,6,toaster
2012-12-09 16:46:00+00:00,UKDALE_house_1,UKDALE,,refrigeration,,1,gap,1,5,fridge
2013-06-14 19:02:00+01:00,UKDALE_house_4,UKDALE,203.5625,cooking,0.5,1,ok,4,3,kettle
2014-10-19 16:23:00+01:00,UKDALE_house_1,UKDALE,140.26315,cooking,,1,gap,1,4,microwave
2013-11-14 01:57:00+00:00,UKDALE_house_1,UKDALE,124.8421,water,12.0,1,ok,1,2,dishwasher
2014-12-20 13:47:00+00:00,UKDALE_house_1,UKDALE,226.05,entertainment,1.0,1,ok,1,7,television
2013-04-18 02:25:00+01:00,UKDALE_house_1,UKDALE,159.0,refrigeration,0.0,1,ok,1,5,fridge
2013-05-23 13:03:00+01:00,UKDALE_house_2,UKDALE,166.13158,electronics,1.0,1,ok,2,8,computer
2014-10-26 01:40:00+00:00,UKDALE_house_5,UKDALE,223.46666,laundry,439.2,1,ok,5,1,washing_machine
2013-02-16 20:10:00+00:00,UKDALE_house_1,UKDALE,211.1875,cooking,0.0,1,ok,1,3,kettle
2013-06-21 07:02:00+01:00,UKDALE_house_2,UKDALE,170.11111,electronics,1.0,1,ok,2,8,computer
2013-07-25 21:22:00+01:00,UKDALE_house_4,UKDALE,307.39395,cooking,,1,gap,4,3,kettle
2013-10-26 16:43:00+01:00,UKDALE_house_1,UKDALE,100.05882,electronics,0.0,1,ok,1,8,computer
2013-05-15 19:59:00+01:00,UKDALE_house_2,UKDALE,957.75,entertainment,12.9,1,ok,2,7,television
2013-06-28 11:53:00+01:00,UKDALE_house_1,UKDALE,244.23529,cooking,0.0,1,ok,1,3,kettle
2014-10-18 11:47:00+01:00,UKDALE_house_5,UKDALE,133.1,cooking,,1,gap,5,6,toaster
2014-06-16 14:45:00+01:00,UKDALE_house_1,UKDALE,325.6316,cooking,0.0,1,ok,1,3,kettle
2013-08-31 19:42:00+01:00,UKDALE_house_2,UKDALE,974.93335,lighting,1.0,1,ok,2,9,lighting
2013-06-19 09:11:00+01:00,UKDALE_house_1,UKDALE,219.0,cooking,34.8,1,ok,1,4,microwave
2013-10-20 00:21:00+01:00,UKDALE_house_1,UKDALE,201.35715,entertainment,1.0,1,ok,1,7,television
2013-07-21 03:39:00+01:00,UKDALE_house_1,UKDALE,86.37931,cooking,1.0,1,ok,1,6,toaster
2013-04-27 13:29:00+01:00,UKDALE_house_4,UKDALE,210.47368,cooking,8.0,1,ok,4,4,microwave
2013-03-09 20:28:00+00:00,UKDALE_house_2,UKDALE,797.48,cooking,18.6,1,ok,2,6,toaster
2013-03-19 09:11:00+00:00,UKDALE_house_2,UKDALE,240.0,refrigeration,37.7,1,ok,2,5,fridge
2013-03-20 06:32:00+00:00,UKDALE_house_2,UKDALE,286.42426,refrigeration,37.77778,1,ok,2,5,fridge
2013-08-01 05:20:00+01:00,UKDALE_house_4,UKDALE,128.27272,laundry,,1,gap,4,1,washing_machine
2013-09-05 18:33:00+01:00,UKDALE_house_1,UKDALE,440.33334,cooking,1.0,1,ok,1,6,toaster
2014-07-19 09:34:00+01:00,UKDALE_house_5,UKDALE,255.2,lighting,79.9,1,ok,5,9,lighting
2013-05-30 06:15:00+01:00,UKDALE_house_1,UKDALE,147.03226,cooking,1.0,1,ok,1,6,toaster
2014-09-30 03:08:00+01:00,UKDALE_house_1,UKDALE,214.0,refrigeration,0.0,1,ok,1,5,fridge
2013-03-28 14:17:00+00:00,UKDALE_house_2,UKDALE,276.56863,water,21.9,1,ok,2,2,dishwasher
2013-06-24 13:05:00+01:00,UKDALE_house_4,UKDALE,556.6667,refrigeration,93.2,1,ok,4,5,fridge
2014-11-06 06:54:00+00:00,UKDALE_house_1,UKDALE,386.7037,cooking,0.0,1,ok,1,3,kettle
2013-10-04 06:19:00+01:00,UKDALE_house_1,UKDALE,149.37038,water,9.6,1,ok,1,2,dishwasher
2014-12-28 13:21:00+00:00,UKDALE_house_1,UKDALE,106.0,lighting,2.0,1,ok,1,9,lighting
2012-12-31 02:14:00+00:00,UKDALE_house_1,UKDALE,82.789474,cooking,0.0,1,ok,1,3,kettle
2013-08-25 09:49:00+01:00,UKDALE_house_1,UKDALE,165.08109,cooking,,1,gap,1,4,microwave
2014-06-20 10:44:00+01:00,UKDALE_house_1,UKDALE,148.84616,cooking,48.22222,1,ok,1,3,kettle
2013-10-04 00:05:00+01:00,UKDALE_house_1,UKDALE,128.2069,water,12.0,1,ok,1,2,dishwasher
2013-04-07 14:19:00+01:00,UKDALE_house_4,UKDALE,246.0,cooking,0.0,1,ok,4,3,kettle
2014-08-18 12:21:00+01:00,UKDALE_house_1,UKDALE,315.41934,cooking,48.833332,1,ok,1,3,kettle
2013-04-29 12:12:00+01:00,UKDALE_house_4,UKDALE,239.7037,cooking,0.0,1,ok,4,6,toaster
2013-08-28 20:15:00+01:00,UKDALE_house_2,UKDALE,991.3143,cooking,6.0,1,ok,2,6,toaster
2014-05-21 13:31:00+01:00,UKDALE_house_1,UKDALE,132.55,lighting,2.0,1,ok,1,9,lighting
2014-07-26 13:15:00+01:00,UKDALE_house_1,UKDALE,318.44,entertainment,1.0,1,ok,1,7,television
2013-08-10 16:47:00+01:00,UKDALE_house_4,UKDALE,90.15,cooking,,1,gap,4,3,kettle
2014-12-12 14:53:00+00:00,UKDALE_house_1,UKDALE,136.05263,cooking,0.0,1,ok,1,3,kettle
2013-09-05 15:57:00+01:00,UKDALE_house_4,UKDALE,202.15152,cooking,1.0,1,ok,4,3,kettle
2013-01-06 12:07:00+00:00,UKDALE_house_1,UKDALE,297.5,cooking,14.444445,1,ok,1,4,microwave
2013-07-25 22:22:00+01:00,UKDALE_house_2,UKDALE,198.88889,cooking,59.1,1,ok,2,3,kettle
2014-09-13 09:45:00+01:00,UKDALE_house_1,UKDALE,266.89285,cooking,1.0,1,ok,1,6,toaster
2014-06-23 20:05:00+01:00,UKDALE_house_1,UKDALE,134.1875,lighting,2.0,1,ok,1,9,lighting
2014-03-16 14:08:00+00:00,UKDALE_house_1,UKDALE,215.83333,cooking,1.0,1,ok,1,6,toaster
2013-03-16 03:22:00+00:00,UKDALE_house_2,UKDALE,396.17392,cooking,22.6,1,ok,2,6,toaster
2014-09-20 13:54:00+01:00,UKDALE_house_1,UKDALE,243.13637,laundry,151.0,1,ok,1,1,washing_machine
2014-07-15 01:33:00+01:00,UKDALE_house_5,UKDALE,246.24138,cooking,118.333336,1,ok,5,3,kettle
2014-09-16 02:31:00+01:00,UKDALE_house_1,UKDALE,280.31818,laundry,189.2,1,ok,1,1,washing_machine
2012-11-27 03:30:00+00:00,UKDALE_house_1,UKDALE,94.8,cooking,14.555555,1,ok,1,4,microwave
2013-08-22 09:29:00+01:00,UKDALE_house_4,UKDALE,249.24,water,15.0,1,ok,4,2,dishwasher
2014-09-09 23:42:00+01:00,UKDALE_house_5,UKDALE,313.5,laundry,520.0,1,ok,5,1,washing_machine
2013-09-25 03:18:00+01:00,UKDALE_house_4,UKDALE,154.4,water,15.2,1,ok,4,2,dishwasher
2014-03-15 03:06:00+00:00,UKDALE_house_1,UKDALE,83.85,refrigeration,0.0,1,ok,1,5,fridge
2013-08-18 00:00:00+01:00,UKDALE_house_4,UKDALE,94.882355,cooking,,1,gap,4,4,microwave
2013-07-03 17:16:00+01:00,UKDALE_house_4,UKDALE,353.42856,refrigeration,,1,gap,4,5,fridge
2013-06-13 17:13:00+01:00,UKDALE_house_1,UKDALE,499.76923,laundry,808.5,1,ok,1,1,washing_machine
2013-12-10 19:17:00+00:00,UKDALE_house_1,UKDALE,475.35294,water,110.8,1,ok,1,2,dishwasher
2013-05-03 22:31:00+01:00,UKDALE_house_1,UKDALE,420.0,cooking,0.0,1,ok,1,3,kettle
2013-08-29 18:44:00+01:00,UKDALE_house_1,UKDALE,247.09677,cooking,1.0,1,ok,1,6,toaster
2014-08-25 14:05:00+01:00,UKDALE_house_5,UKDALE,346.90323,lighting,86.333336,1,ok,5,9,lighting
2013-03-26 12:00:00+00:00,UKDALE_house_2,UKDALE,422.15152,refrigeration,38.3,1,ok,2,5,fridge
2013-05-04 14:22:00+01:00,UKDALE_house_1,UKDALE,233.59459,cooking,,1,gap,1,4,microwave
2013-06-10 17:06:00+01:00,UKDALE_house_4,UKDALE,471.8889,cooking,0.0,1,ok,4,6,toaster
2014-07-12 15:58:00+01:00,UKDALE_house_1,UKDALE,272.57144,lighting,2.0,1,ok,1,9,lighting
2014-12-13 18:22:00+00:00,UKDALE_house_1,UKDALE,365.6316,refrigeration,0.0,1,ok,1,5,fridge
2013-04-09 09:47:00+01:00,UKDALE_house_2,UKDALE,406.0,cooking,19.9,1,ok,2,6,toaster
2013-03-02 13:37:00+00:00,UKDALE_house_2,UKDALE,158.58824,cooking,18.777779,1,ok,2,6,toaster
2014-08-27 13:16:00+01:00,UKDALE_house_5,UKDALE,350.55173,refrigeration,0.2,1,ok,5,5,fridge
2013-09-19 05:53:00+01:00,UKDALE_house_4,UKDALE,298.38095,laundry,240.0,1,ok,4,1,washing_machine
2013-06-26 03:09:00+01:00,UKDALE_house_1,UKDALE,173.7742,cooking,1.0,1,ok,1,6,toaster
2014-11-10 04:49:00+00:00,UKDALE_house_1,UKDALE,294.52942,refrigeration,0.0,1,ok,1,5,fridge
2014-07-26 22:15:00+01:00,UKDALE_house_5,UKDALE,554.3182,laundry,851.0,1,ok,5,1,washing_machine
2014-08-02 21:39:00+01:00,UKDALE_house_5,UKDALE,429.67743,cooking,0.2,1,ok,5,4,microwave
2014-03-03 03:22:00+00:00,UKDALE_house_1,UKDALE,126.65,electronics,0.0,1,ok,1,8,computer
2013-03-17 15:19:00+00:00,UKDALE_house_1,UKDALE,497.17242,electronics,0.0,1,ok,1,8,computer
2013-06-15 21:01:00+01:00,UKDALE_house_1,UKDALE,320.22858,water,0.0,1,ok,1,2,dishwasher
2014-08-02 08:59:00+01:00,UKDALE_house_1,UKDALE,258.02942,lighting,2.0,1,ok,1,9,lighting
2014-09-20 22:35:00+01:00,UKDALE_house_5,UKDALE,279.7619,lighting,76.9,1,ok,5,9,lighting
2013-02-12 12:57:00+00:00,UKDALE_house_1,UKDALE,,lighting,,1,gap,1,9,lighting
2014-09-12 21:14:00+01:00,UKDALE_house_1,UKDALE,622.9474,cooking,1.0,1,ok,1,6,toaster
2014-05-12 00:24:00+01:00,UKDALE_house_1,UKDALE,123.71429,cooking,,1,gap,1,4,microwave
2014-11-09 06:55:00+00:00,UKDALE_house_1,UKDALE,241.47826,refrigeration,0.0,1,ok,1,5,fridge
2014-07-24 00:50:00+01:00,UKDALE_house_1,UKDALE,272.6129,cooking,,1,gap,1,4,microwave
2014-12-02 03:52:00+00:00,UKDALE_house_1,UKDALE,127.10526,laundry,205.44444,1,ok,1,1,washing_machine
2013-03-17 12:01:00+00:00,UKDALE_house_2,UKDALE,484.5,laundry,238.33333,1,ok,2,1,washing_machine
2013-04-02 03:06:00+01:00,UKDALE_house_1,UKDALE,206.10869,laundry,221.11111,1,ok,1,1,washing_machine
2014-08-19 03:39:00+01:00,UKDALE_house_1,UKDALE,168.0,cooking,0.0,1,ok,1,3,kettle
2013-06-07 22:46:00+01:00,UKDALE_house_1,UKDALE,300.0,cooking,0.0,1,ok,1,3,kettle
2013-08-20 03:32:00+01:00,UKDALE_house_4,UKDALE,127.833336,cooking,,1,gap,4,3,kettle
2013-09-26 11:52:00+01:00,UKDALE_house_2,UKDALE,266.71875,cooking,6.2222223,1,ok,2,6,toaster
2013-07-27 04:36:00+01:00,UKDALE_house_1,UKDALE,116.53333,entertainment,1.0,1,ok,1,7,television
2013-11-09 15:40:00+00:00,UKDALE_house_1,UKDALE,130.57895,lighting,2.0,1,ok,1,9,lighting
2014-11-28 11:19:00+00:00,UKDALE_house_1,UKDALE,1207.8572,lighting,64.888885,1,ok,1,9,lighting
2013-09-05 16:51:00+01:00,UKDALE_house_1,UKDALE,589.8,cooking,,1,gap,1,4,microwave
2014-03-31 11:29:00+01:00,UKDALE_house_1,UKDALE,133.3,cooking,1.0,1,ok,1,6,toaster
2013-11-13 23:45:00+00:00,UKDALE_house_1,UKDALE,236.05263,entertainment,1.0,1,ok,1,7,television
2013-08-30 12:14:00+01:00,UKDALE_house_2,UKDALE,284.4,entertainment,0.0,1,ok,2,7,television
2013-03-25 01:51:00+00:00,UKDALE_house_1,UKDALE,217.0,laundry,214.33333,1,ok,1,1,washing_machine
2013-05-07 20:18:00+01:00,UKDALE_house_1,UKDALE,942.6667,cooking,,1,gap,1,4,microwave
2013-01-27 06:37:00+00:00,UKDALE_house_1,UKDALE,189.06667,cooking,0.0,1,ok,1,4,microwave
2013-11-05 17:57:00+00:00,UKDALE_house_1,UKDALE,160.91667,lighting,2.0,1,ok,1,9,lighting
2014-12-06 03:23:00+00:00,UKDALE_house_1,UKDALE,125.89474,entertainment,1.0,1,ok,1,7,television
2013-04-04 23:50:00+01:00,UKDALE_house_4,UKDALE,302.35483,cooking,0.0,1,ok,4,6,toaster
2013-06-10 15:19:00+01:00,UKDALE_house_2,UKDALE,388.26923,cooking,6.2222223,1,ok,2,6,toaster
2013-03-03 13:14:00+00:00,UKDALE_house_3,UKDALE,222.71053,cooking,2.0,1,ok,3,3,kettle
2013-03-21 00:00:00+00:00,UKDALE_house_2,UKDALE,298.71112,cooking,10.5,1,ok,2,4,microwave
2013-05-06 08:56:00+01:00,UKDALE_house_4,UKDALE,370.9091,cooking,8.0,1,ok,4,4,microwave
2013-04-03 19:37:00+01:00,UKDALE_house_4,UKDALE,1361.25,cooking,2042.9,1,ok,4,6,toaster
2014-04-26 02:03:00+01:00,UKDALE_house_1,UKDALE,142.7,laundry,273.3,1,ok,1,1,washing_machine
2013-07-15 02:08:00+01:00,UKDALE_house_2,UKDALE,119.969696,lighting,1.0,1,ok,2,9,lighting
2013-10-14 07:19:00+01:00,UKDALE_house_1,UKDALE,141.17647,water,48.6,1,ok,1,2,dishwasher
2013-12-29 00:03:00+00:00,UKDALE_house_1,UKDALE,220.33333,entertainment,1.0,1,ok,1,7,television
2014-09-27 20:19:00+01:00,UKDALE_house_5,UKDALE,286.82144,cooking,0.0,1,ok,5,3,kettle
2014-10-18 00:44:00+01:00,UKDALE_house_5,UKDALE,137.6842,cooking,,1,gap,5,6,toaster
2013-02-17 18:57:00+00:00,UKDALE_house_2,UKDALE,419.65518,water,18.88889,1,ok,2,2,dishwasher
2013-10-16 16:42:00+01:00,UKDALE_house_1,UKDALE,119.95,entertainment,1.25,1,ok,1,7,television
2014-08-26 18:30:00+01:00,UKDALE_house_1,UKDALE,267.34375,electronics,148.1,1,ok,1,8,computer
2014-06-21 00:21:00+01:00,UKDALE_house_1,UKDALE,116.4,water,13.0,1,ok,1,2,dishwasher
2014-05-17 16:42:00+01:00,UKDALE_house_1,UKDALE,98.75,lighting,2.0,1,ok,1,9,lighting
2013-07-03 13:09:00+01:00,UKDALE_house_4,UKDALE,125.51613,cooking,,1,gap,4,6,toaster
2014-10-20 08:02:00+01:00,UKDALE_house_5,UKDALE,181.94444,entertainment,,1,gap,5,7,television
2013-04-10 01:08:00+01:00,UKDALE_house_2,UKDALE,140.91304,electronics,,1,gap,2,8,computer
2014-10-31 22:12:00+00:00,UKDALE_house_1,UKDALE,361.13635,laundry,198.4,1,ok,1,1,washing_machine
2013-06-18 18:52:00+01:00,UKDALE_house_1,UKDALE,287.43588,cooking,6.1,1,ok,1,3,kettle
2013-07-25 00:38:00+01:00,UKDALE_house_2,UKDALE,89.413795,entertainment,1.0,1,ok,2,7,television
2013-10-22 19:01:00+01:00,UKDALE_house_1,UKDALE,171.2,electronics,0.0,1,ok,1,8,computer
2014-03-18 21:25:00+00:00,UKDALE_house_1,UKDALE,169.35,lighting,2.0,1,ok,1,9,lighting
2014-06-21 08:01:00+01:00,UKDALE_house_1,UKDALE,112.10526,electronics,130.0,1,ok,1,8,computer
2013-08-15 08:56:00+01:00,UKDALE_house_2,UKDALE,331.8,laundry,,1,gap,2,1,washing_machine
2014-10-23 21:42:00+01:00,UKDALE_house_5,UKDALE,550.3333,cooking,0.0,1,ok,5,6,toaster
2013-08-04 22:49:00+01:00,UKDALE_house_1,UKDALE,191.92857,laundry,239.5,1,ok,1,1,washing_machine
2013-06-18 11:12:00+01:00,UKDALE_house_1,UKDALE,204.46153,cooking,,1,gap,1,4,microwave
2013-06-29 03:53:00+01:00,UKDALE_house_2,UKDALE,208.2973,refrigeration,12.9,1,ok,2,5,fridge
2014-11-17 14:58:00+00:00,UKDALE_house_1,UKDALE,102.85,cooking,,1,gap,1,4,microwave
2013-05-15 07:07:00+01:00,UKDALE_house_4,UKDALE,185.2,cooking,0.0,1,ok,4,6,toaster
2013-09-27 13:01:00+01:00,UKDALE_house_2,UKDALE,657.82855,electronics,1.0,1,ok,2,8,computer
2014-11-22 22:35:00+00:00,UKDALE_house_1,UKDALE,321.5,refrigeration,0.0,1,ok,1,5,fridge
2014-08-28 09:28:00+01:00,UKDALE_house_5,UKDALE,260.8125,entertainment,0.0,1,ok,5,7,television
2014-11-26 03:48:00+00:00,UKDALE_house_1,UKDALE,124.52631,entertainment,0.875,1,ok,1,7,television
2014-07-27 08:14:00+01:00,UKDALE_house_5,UKDALE,270.39395,lighting,86.4,1,ok,5,9,lighting
2014-05-09 17:06:00+01:00,UKDALE_house_1,UKDALE,1000.8823,cooking,61.77778,1,ok,1,4,microwave
2014-10-30 07:20:00+00:00,UKDALE_house_5,UKDALE,269.7143,cooking,0.0,1,ok,5,6,toaster
2013-09-18 17:27:00+01:00,UKDALE_house_2,UKDALE,722.2195,cooking,59.4,1,ok,2,3,kettle
2014-11-03 22:39:00+00:00,UKDALE_house_5,UKDALE,320.77274,lighting,5.6,1,ok,5,9,lighting
2014-09-28 01:53:00+01:00,UKDALE_house_1,UKDALE,233.72728,lighting,2.0,1,ok,1,9,lighting
2014-03-30 03:22:00+01:00,UKDALE_house_1,UKDALE,195.65,water,12.0,1,ok,1,2,dishwasher
2013-03-24 06:42:00+00:00,UKDALE_house_4,UKDALE,290.45947,cooking,107.3,1,ok,4,4,microwave
2014-07-12 12:21:00+01:00,UKDALE_house_1,UKDALE,424.64,entertainment,1.0,1,ok,1,7,television
2014-10-04 17:35:00+01:00,UKDALE_house_1,UKDALE,506.04544,entertainment,1.0,1,ok,1,7,television
2014-08-27 13:45:00+01:00,UKDALE_house_5,UKDALE,352.60715,laundry,603.4,1,ok,5,1,washing_machine
2013-06-21 22:49:00+01:00,UKDALE_house_4,UKDALE,206.33333,water,14.9,1,ok,4,2,dishwasher
2014-02-07 18:16:00+00:00,UKDALE_house_1,UKDALE,1127.8667,laundry,2401.4285,1,ok,1,1,washing_machine
2014-08-24 22:17:00+01:00,UKDALE_house_1,UKDALE,305.82758,electronics,0.0,1,ok,1,8,computer
2013-05-24 09:54:00+01:00,UKDALE_house_1,UKDALE,135.0,electronics,0.0,1,ok,1,8,computer
2014-07-02 21:25:00+01:00,UKDALE_house_1,UKDALE,277.08823,electronics,4.0,1,ok,1,8,computer
2013-07-03 03:34:00+01:00,UKDALE_house_4,UKDALE,139.125,refrigeration,,1,gap,4,5,fridge
2012-12-25 22:25:00+00:00,UKDALE_house_1,UKDALE,255.0,cooking,13.333333,1,ok,1,4,microwave
2014-12-16 12:10:00+00:00,UKDALE_house_1,UKDALE,183.65,lighting,2.0,1,ok,1,9,lighting
2014-09-12 03:23:00+01:00,UKDALE_house_1,UKDALE,236.75,cooking,0.0,1,ok,1,3,kettle
2014-08-04 07:04:00+01:00,UKDALE_house_5,UKDALE,271.91306,refrigeration,0.1,1,ok,5,5,fridge
2014-11-18 09:35:00+00:00,UKDALE_house_1,UKDALE,88.4,refrigeration,0.0,1,ok,1,5,fridge
2014-03-07 18:45:00+00:00,UKDALE_house_1,UKDALE,248.1579,electronics,193.8,1,ok,1,8,computer
2013-10-13 10:59:00+01:00,UKDALE_house_1,UKDALE,232.42105,cooking,0.0,1,ok,1,3,kettle
2014-11-18 02:43:00+00:00,UKDALE_house_1,UKDALE,80.8,refrigeration,0.0,1,ok,1,5,fridge
2013-09-20 10:18:00+01:00,UKDALE_house_2,UKDALE,180.5625,cooking,11.0,1,ok,2,4,microwave
2013-04-01 22:33:00+01:00,UKDALE_house_1,UKDALE,672.175,laundry,634.6,1,ok,1,1,washing_machine
2013-05-08 15:11:00+01:00,UKDALE_house_2,UKDALE,401.86365,laundry,196.8,1,ok,2,1,washing_machine
2014-10-28 09:55:00+00:00,UKDALE_house_1,UKDALE,208.17857,cooking,,1,gap,1,4,microwave
2014-03-15 04:55:00+00:00,UKDALE_house_1,UKDALE,107.0,water,12.0,1,ok,1,2,dishwasher
2014-10-26 18:27:00+00:00,UKDALE_house_5,UKDALE,513.88464,refrigeration,0.1,1,ok,5,5,fridge
2014-08-12 06:28:00+01:00,UKDALE_house_5,UKDALE,321.6111,electronics,18.4,1,ok,5,8,computer
2014-04-24 16:45:00+01:00,UKDALE_house_1,UKDALE,214.53847,entertainment,1.0,1,ok,1,7,television
2014-08-07 14:28:00+01:00,UKDALE_house_1,UKDALE,297.76923,water,12.9,1,ok,1,2,dishwasher
2013-03-19 09:04:00+00:00,UKDALE_house_2,UKDALE,323.325,cooking,3.0,1,ok,2,4,microwave
2013-04-08 10:39:00+01:00,UKDALE_house_2,UKDALE,193.05405,cooking,3.0,1,ok,2,4,microwave
2013-09-17 19:38:00+01:00,UKDALE_house_1,UKDALE,812.125,cooking,0.0,1,ok,1,3,kettle
2014-07-03 21:21:00+01:00,UKDALE_house_5,UKDALE,390.25,water,1.0,1,ok,5,2,dishwasher
2014-02-10 10:25:00+00:00,UKDALE_house_1,UKDALE,195.3,cooking,,1,gap,1,4,microwave
2014-11-16 05:56:00+00:00,UKDALE_house_1,UKDALE,73.666664,entertainment,1.0,1,ok,1,7,television
2013-02-22 04:10:00+00:00,UKDALE_house_1,UKDALE,132.69565,electronics,0.0,1,ok,1,8,computer
2013-08-06 14:18:00+01:00,UKDALE_house_2,UKDALE,123.9,laundry,,1,gap,2,1,washing_machine
2014-08-08 17:42:00+01:00,UKDALE_house_1,UKDALE,314.0,cooking,0.0,1,ok,1,6,toaster
2014-07-03 04:52:00+01:00,UKDALE_house_5,UKDALE,360.7619,cooking,0.0,1,ok,5,6,toaster
2013-09-12 06:44:00+01:00,UKDALE_house_2,UKDALE,223.14706,electronics,1.0,1,ok,2,8,computer
2013-08-05 00:13:00+01:00,UKDALE_house_1,UKDALE,135.44,cooking,1.0,1,ok,1,6,toaster
2013-08-14 19:19:00+01:00,UKDALE_house_2,UKDALE,96.789474,cooking,,1,gap,2,4,microwave
2013-05-29 17:17:00+01:00,UKDALE_house_1,UKDALE,353.6316,lighting,2.4444444,1,ok,1,9,lighting
2013-10-05 02:38:00+01:00,UKDALE_house_1,UKDALE,108.76,cooking,,1,gap,1,4,microwave
2013-04-24 21:50:00+01:00,UKDALE_house_1,UKDALE,479.8125,cooking,1.0,1,ok,1,6,toaster
2013-11-04 05:27:00+00:00,UKDALE_house_1,UKDALE,147.11765,cooking,1.2222222,1,ok,1,6,toaster
2013-08-30 05:23:00+01:00,UKDALE_house_1,UKDALE,203.08824,water,0.0,1,ok,1,2,dishwasher
2013-08-18 19:14:00+01:00,UKDALE_house_2,UKDALE,238.6,cooking,,1,gap,2,4,microwave
2014-08-10 11:31:00+01:00,UKDALE_house_1,UKDALE,917.6429,entertainment,1.0,1,ok,1,7,television
2013-07-07 13:40:00+01:00,UKDALE_house_1,UKDALE,641.125,laundry,180.0,1,ok,1,1,washing_machine
2014-01-21 15:05:00+00:00,UKDALE_house_1,UKDALE,221.57143,water,12.0,1,ok,1,2,dishwasher
2013-05-31 14:01:00+01:00,UKDALE_house_2,UKDALE,386.84375,entertainment,1.0,1,ok,2,7,television
2013-08-25 12:47:00+01:00,UKDALE_house_1,UKDALE,357.65625,lighting,2.0,1,ok,1,9,lighting
2013-01-11 01:34:00+00:00,UKDALE_house_1,UKDALE,,cooking,,1,gap,1,3,kettle
2013-11-11 13:07:00+00:00,UKDALE_house_1,UKDALE,130.78947,entertainment,1.0,1,ok,1,7,television
2014-08-04 07:25:00+01:00,UKDALE_house_5,UKDALE,338.96155,cooking,0.0,1,ok,5,6,toaster
2014-06-11 12:04:00+01:00,UKDALE_house_1,UKDALE,91.47369,refrigeration,0.0,1,ok,1,5,fridge
2014-07-23 15:08:00+01:00,UKDALE_house_5,UKDALE,270.52942,cooking,0.7,1,ok,5,6,toaster
2014-05-22 18:18:00+01:00,UKDALE_house_1,UKDALE,151.15,electronics,4.0,1,ok,1,8,computer
2013-03-23 10:14:00+00:00,UKDALE_house_2,UKDALE,367.60464,cooking,22.9,1,ok,2,6,toaster
2013-10-30 00:58:00+00:00,UKDALE_house_1,UKDALE,138.26315,cooking,0.0,1,ok,1,3,kettle
2013-08-12 16:11:00+01:00,UKDALE_house_1,UKDALE,119.25,lighting,2.0,1,ok,1,9,lighting
2014-05-24 22:34:00+01:00,UKDALE_house_1,UKDALE,124.05,lighting,2.0,1,ok,1,9,lighting
2014-08-15 05:57:00+01:00,UKDALE_house_1,UKDALE,263.66666,electronics,0.0,1,ok,1,8,computer
2013-04-26 13:06:00+01:00,UKDALE_house_4,UKDALE,281.5909,cooking,0.6,1,ok,4,3,kettle
2013-03-21 08:42:00+00:00,UKDALE_house_2,UKDALE,309.6,cooking,22.6,1,ok,2,6,toaster
2012-12-11 13:39:00+00:00,UKDALE_house_1,UKDALE,,cooking,,1,gap,1,4,microwave
2013-09-18 11:35:00+01:00,UKDALE_house_1,UKDALE,774.80646,cooking,1.0,1,ok,1,6,toaster
2013-06-22 22:46:00+01:00,UKDALE_house_1,UKDALE,342.9189,laundry,211.2,1,ok,1,1,washing_machine
2013-10-03 05:28:00+01:00,UKDALE_house_1,UKDALE,156.0,cooking,0.0,1,ok,1,3,kettle
2013-12-06 10:35:00+00:00,UKDALE_house_1,UKDALE,339.41177,water,67.333336,1,ok,1,2,dishwasher
2013-04-16 23:58:00+01:00,UKDALE_house_4,UKDALE,894.84375,laundry,266.2,1,ok,4,1,washing_machine
2013-08-02 20:43:00+01:00,UKDALE_house_4,UKDALE,940.76666,cooking,,1,gap,4,4,microwave
2014-05-03 18:06:00+01:00,UKDALE_house_1,UKDALE,220.8421,cooking,,1,gap,1,4,microwave
2013-12-10 18:21:00+00:00,UKDALE_house_1,UKDALE,1196.5625,entertainment,1.0,1,ok,1,7,television
2013-08-27 18:57:00+01:00,UKDALE_house_4,UKDALE,194.63637,water,15.1,1,ok,4,2,dishwasher
2013-09-11 17:16:00+01:00,UKDALE_house_1,UKDALE,485.79413,lighting,2.0,1,ok,1,9,lighting
2013-09-03 12:53:00+01:00,UKDALE_house_2,UKDALE,257.3871,electronics,1.0,1,ok,2,8,computer
2013-04-07 03:33:00+01:00,UKDALE_house_4,UKDALE,241.2069,water,15.0,1,ok,4,2,dishwasher
2013-06-10 11:32:00+01:00,UKDALE_house_2,UKDALE,329.9375,cooking,0.0,1,ok,2,3,kettle
2013-08-27 08:30:00+01:00,UKDALE_house_2,UKDALE,271.1579,cooking,6.0,1,ok,2,6,toaster
2013-02-24 15:48:00+00:00,UKDALE_house_1,UKDALE,182.0,entertainment,1.0,1,ok,1,7,television
2013-03-07 20:03:00+00:00,UKDALE_house_2,UKDALE,412.66666,laundry,327.8,1,ok,2,1,washing_machine
2013-09-27 13:00:00+01:00,UKDALE_house_1,UKDALE,669.20514,entertainment,1.0,1,ok,1,7,television
2013-04-02 11:18:00+01:00,UKDALE_house_2,UKDALE,796.6445,laundry,270.0,1,ok,2,1,washing_machine
2014-03-09 15:20:00+00:00,UKDALE_house_1,UKDALE,101.10526,cooking,,1,gap,1,4,microwave
2013-10-17 07:37:00+01:00,UKDALE_house_1,UKDALE,114.73684,cooking,1.0,1,ok,1,6,toaster
2013-09-23 12:52:00+01:00,UKDALE_house_2,UKDALE,182.06061,entertainment,0.0,1,ok,2,7,television
2013-09-19 13:36:00+01:00,UKDALE_house_1,UKDALE,246.25,refrigeration,279.14285,1,ok,1,5,fridge
2013-05-31 14:20:00+01:00,UKDALE_house_2,UKDALE,865.25714,water,0.0,1,ok,2,2,dishwasher
2014-05-14 21:43:00+01:00,UKDALE_house_1,UKDALE,338.8,cooking,1.0,1,ok,1,6,toaster
2013-04-13 06:17:00+01:00,UKDALE_house_1,UKDALE,239.4762,laundry,160.0,1,ok,1,1,washing_machine
2013-06-26 08:28:00+01:00,UKDALE_house_1,UKDALE,274.03845,cooking,52.0,1,ok,1,3,kettle
2013-01-31 05:58:00+00:00,UKDALE_house_1,UKDALE,,cooking,,1,gap,1,3,kettle
2013-04-05 14:13:00+01:00,UKDALE_house_1,UKDALE,220.0,laundry,379.0,1,ok,1,1,washing_machine
2012-12-03 03:18:00+00:00,UKDALE_house_1,UKDALE,83.55,entertainment,1.0,1,ok,1,7,television
2013-06-17 21:13:00+01:00,UKDALE_house_2,UKDALE,257.73172,entertainment,0.9,1,ok,2,7,television
2013-05-19 19:54:00+01:00,UKDALE_house_2,UKDALE,394.7143,entertainment,,1,gap,2,7,television
2012-12-22 21:01:00+00:00,UKDALE_house_1,UKDALE,330.0,laundry,528.0,1,ok,1,1,washing_machine
2014-05-19 12:53:00+01:00,UKDALE_house_1,UKDALE,1154.4706,cooking,1.0,1,ok,1,6,toaster
2014-01-11 22:56:00+00:00,UKDALE_house_1,UKDALE,221.2,cooking,,1,gap,1,4,microwave
2012-12-08 19:30:00+00:00,UKDALE_house_1,UKDALE,,entertainment,,1,gap,1,7,television
2013-06-10 14:02:00+01:00,UKDALE_house_2,UKDALE,389.29413,lighting,1.0,1,ok,2,9,lighting
2013-03-10 14:43:00+00:00,UKDALE_house_4,UKDALE,468.58066,refrigeration,77.8,1,ok,4,5,fridge
2014-07-29 14:56:00+01:00,UKDALE_house_1,UKDALE,279.9375,cooking,45.666668,1,ok,1,3,kettle
2013-05-15 08:40:00+01:00,UKDALE_house_1,UKDALE,236.10811,laundry,328.9,1,ok,1,1,washing_machine
2013-02-17 07:07:00+00:00,UKDALE_house_1,UKDALE,150.64706,laundry,290.0,1,ok,1,1,washing_machine
2013-05-03 19:48:00+01:00,UKDALE_house_1,UKDALE,279.32352,laundry,422.0,1,ok,1,1,washing_machine
2013-12-23 15:39:00+00:00,UKDALE_house_1,UKDALE,104.65,water,0.0,1,ok,1,2,dishwasher
2014-07-20 21:25:00+01:00,UKDALE_house_5,UKDALE,501.52777,cooking,117.666664,1,ok,5,3,kettle
2013-10-12 20:25:00+01:00,UKDALE_house_1,UKDALE,426.42856,lighting,76.25,1,ok,1,9,lighting
2013-02-28 01:48:00+00:00,UKDALE_house_1,UKDALE,239.2,cooking,,1,gap,1,4,microwave
2014-05-14 19:47:00+01:00,UKDALE_house_1,UKDALE,136.6842,cooking,0.0,1,ok,1,3,kettle
2013-08-29 05:31:00+01:00,UKDALE_house_2,UKDALE,170.45946,entertainment,0.0,1,ok,2,7,television
2013-03-31 19:53:00+01:00,UKDALE_house_3,UKDALE,518.3333,cooking,0.1,1,ok,3,4,microwave
2014-02-11 09:24:00+00:00,UKDALE_house_1,UKDALE,542.2,entertainment,0.6,1,ok,1,7,television
2013-06-13 09:07:00+01:00,UKDALE_house_4,UKDALE,1023.0303,laundry,2269.2,1,ok,4,1,washing_machine
2014-01-28 15:38:00+00:00,UKDALE_house_1,UKDALE,85.0,lighting,2.0,1,ok,1,9,lighting
2013-09-05 03:38:00+01:00,UKDALE_house_4,UKDALE,228.27272,water,16.6,1,ok,4,2,dishwasher
2014-04-18 15:34:00+01:00,UKDALE_house_1,UKDALE,130.22223,lighting,2.125,1,ok,1,9,lighting
2014-01-17 03:47:00+00:00,UKDALE_house_1,UKDALE,97.47369,refrigeration,0.0,1,ok,1,5,fridge
2014-10-03 06:11:00+01:00,UKDALE_house_1,UKDALE,274.91666,refrigeration,0.0,1,ok,1,5,fridge
2013-08-30 13:33:00+01:00,UKDALE_house_1,UKDALE,673.13336,laundry,1632.8889,1,ok,1,1,washing_machine
2013-08-31 03:17:00+01:00,UKDALE_house_1,UKDALE,202.75,cooking,,1,gap,1,4,microwave
2013-06-03 09:06:00+01:00,UKDALE_house_1,UKDALE,315.93332,entertainment,1.0,1,ok,1,7,television
2013-08-23 00:04:00+01:00,UKDALE_house_1,UKDALE,168.76,water,0.0,1,ok,1,2,dishwasher
2014-09-20 11:00:00+01:00,UKDALE_house_5,UKDALE,229.95653,cooking,0.0,1,ok,5,6,toaster
2012-12-28 22:30:00+00:00,UKDALE_house_1,UKDALE,116.65,entertainment,1.1,1,ok,1,7,television
2013-05-22 21:23:00+01:00,UKDALE_house_4,UKDALE,584.9259,water,40.4,1,ok,4,2,dishwasher
2013-03-26 08:52:00+00:00,UKDALE_house_2,UKDALE,548.2941,electronics,,1,gap,2,8,computer
2013-05-08 03:38:00+01:00,UKDALE_house_4,UKDALE,148.86111,cooking,1.0,1,ok,4,3,kettle
2013-11-19 19:40:00+00:00,UKDALE_house_1,UKDALE,368.76923,electronics,0.0,1,ok,1,8,computer
2014-10-13 02:39:00+01:00,UKDALE_house_5,UKDALE,227.25,entertainment,0.1,1,ok,5,7,television
2014-06-13 23:50:00+01:00,UKDALE_house_1,UKDALE,133.90909,cooking,,1,gap,1,4,microwave
2014-05-30 20:37:00+01:00,UKDALE_house_1,UKDALE,80.1579,cooking,0.0,1,ok,1,3,kettle
2014-10-16 08:05:00+01:00,UKDALE_house_5,UKDALE,342.26315,laundry,,1,gap,5,1,washing_machine
2013-05-15 05:14:00+01:00,UKDALE_house_1,UKDALE,180.2258,cooking,0.0,1,ok,1,3,kettle
2014-12-26 04:13:00+00:00,UKDALE_house_1,UKDALE,234.1579,cooking,1.0,1,ok,1,6,toaster
2013-03-14 03:11:00+00:00,UKDALE_house_4,UKDALE,288.74286,cooking,0.0,1,ok,4,3,kettle
2013-08-04 01:57:00+01:00,UKDALE_house_2,UKDALE,121.25,refrigeration,14.1,1,ok,2,5,fridge
2013-12-25 20:54:00+00:00,UKDALE_house_1,UKDALE,113.947365,lighting,66.75,1,ok,1,9,lighting
2014-11-04 21:06:00+00:00,UKDALE_house_1,UKDALE,271.63635,water,12.625,1,ok,1,2,dishwasher
2013-09-07 00:32:00+01:00,UKDALE_house_1,UKDALE,265.03845,cooking,,1,gap,1,4,microwave
2014-07-17 03:15:00+01:00,UKDALE_house_1,UKDALE,220.06451,water,12.1,1,ok,1,2,dishwasher
2013-03-23 19:31:00+00:00,UKDALE_house_3,UKDALE,1196.8,water,1.0,1,ok,3,2,dishwasher
2014-07-12 10:08:00+01:00,UKDALE_house_1,UKDALE,430.5263,water,12.0,1,ok,1,2,dishwasher
2014-04-14 07:59:00+01:00,UKDALE_house_1,UKDALE,103.210526,entertainment,1.0,1,ok,1,7,television
2013-06-24 19:33:00+01:00,UKDALE_house_1,UKDALE,214.6842,cooking,,1,gap,1,4,microwave
2013-02-28 07:46:00+00:00,UKDALE_house_1,UKDALE,1031.0,laundry,2705.5,1,ok,1,1,washing_machine
2014-03-06 21:37:00+00:00,UKDALE_house_1,UKDALE,330.89474,cooking,0.0,1,ok,1,3,kettle
2013-03-15 06:00:00+00:00,UKDALE_house_4,UKDALE,218.27586,water,12.9,1,ok,4,2,dishwasher
2014-09-06 03:33:00+01:00,UKDALE_house_1,UKDALE,194.58824,refrigeration,0.0,1,ok,1,5,fridge
2013-07-23 18:41:00+01:00,UKDALE_house_4,UKDALE,153.0,cooking,,1,gap,4,4,microwave
2014-02-27 05:12:00+00:00,UKDALE_house_1,UKDALE,89.7,water,12.0,1,ok,1,2,dishwasher
2013-08-04 14:26:00+01:00,UKDALE_house_1,UKDALE,182.06897,laundry,228.8,1,ok,1,1,washing_machine
2013-04-19 19:34:00+01:00,UKDALE_house_1,UKDALE,345.57144,electronics,0.0,1,ok,1,8,computer
2013-09-18 16:47:00+01:00,UKDALE_house_1,UKDALE,253.1,laundry,247.7,1,ok,1,1,washing_machine
2014-01-12 23:50:00+00:00,UKDALE_house_1,UKDALE,101.7,refrigeration,0.0,1,ok,1,5,fridge
2014-02-03 05:45:00+00:00,UKDALE_house_1,UKDALE,102.63158,lighting,67.375,1,ok,1,9,lighting
2014-03-20 02:24:00+00:00,UKDALE_house_1,UKDALE,84.85,entertainment,0.8888889,1,ok,1,7,television
2014-12-30 01:57:00+00:00,UKDALE_house_1,UKDALE,92.052635,water,13.0,1,ok,1,2,dishwasher
2013-09-02 20:37:00+01:00,UKDALE_house_4,UKDALE,463.29413,laundry,468.2,1,ok,4,1,washing_machine
2012-12-16 03:08:00+00:00,UKDALE_house_1,UKDALE,93.8421,laundry,184.77777,1,ok,1,1,washing_machine
2013-03-25 02:57:00+00:00,UKDALE_house_2,UKDALE,236.36171,cooking,22.9,1,ok,2,6,toaster
2013-08-29 04:41:00+01:00,UKDALE_house_2,UKDALE,248.6129,cooking,3.0,1,ok,2,4,microwave
2013-04-12 13:38:00+01:00,UKDALE_house_1,UKDALE,219.65218,refrigeration,0.0,1,ok,1,5,fridge
2013-02-05 17:08:00+00:00,UKDALE_house_1,UKDALE,97.7,cooking,1.0,1,ok,1,6,toaster
2014-05-09 13:33:00+01:00,UKDALE_house_1,UKDALE,138.55,lighting,2.0,1,ok,1,9,lighting
2013-09-10 20:25:00+01:00,UKDALE_house_1,UKDALE,531.2069,refrigeration,0.0,1,ok,1,5,fridge
2014-08-30 02:32:00+01:00,UKDALE_house_1,UKDALE,187.30556,electronics,0.0,1,ok,1,8,computer
2013-09-06 20:15:00+01:00,UKDALE_house_2,UKDALE,442.71875,water,36.4,1,ok,2,2,dishwasher
2013-10-12 11:05:00+01:00,UKDALE_house_1,UKDALE,107.35,electronics,0.0,1,ok,1,8,computer
2014-02-12 12:41:00+00:00,UKDALE_house_1,UKDALE,131.35,cooking,,1,gap,1,4,microwave
2013-06-14 22:31:00+01:00,UKDALE_house_4,UKDALE,233.97368,cooking,8.0,1,ok,4,4,microwave
2014-02-10 19:29:00+00:00,UKDALE_house_1,UKDALE,290.10526,entertainment,102.625,1,ok,1,7,television
2013-07-03 19:50:00+01:00,UKDALE_house_1,UKDALE,979.9655,cooking,1.0,1,ok,1,6,toaster
2013-02-15 09:52:00+00:00,UKDALE_house_1,UKDALE,182.26666,water,10.8,1,ok,1,2,dishwasher
2013-06-19 14:45:00+01:00,UKDALE_house_4,UKDALE,327.62857,water,12.6,1,ok,4,2,dishwasher
2014-01-18 02:10:00+00:00,UKDALE_house_1,UKDALE,123.7,lighting,2.0,1,ok,1,9,lighting
2014-08-30 17:06:00+01:00,UKDALE_house_1,UKDALE,353.44446,cooking,17.5,1,ok,1,4,microwave
2013-05-10 16:27:00+01:00,UKDALE_house_2,UKDALE,202.46153,electronics,1.0,1,ok,2,8,computer
2013-05-15 18:10:00+01:00,UKDALE_house_2,UKDALE,374.58334,water,13.8,1,ok,2,2,dishwasher
2014-10-12 17:43:00+01:00,UKDALE_house_5,UKDALE,360.66666,cooking,52.6,1,ok,5,3,kettle
2014-07-15 08:50:00+01:00,UKDALE_house_1,UKDALE,322.6087,refrigeration,0.0,1,ok,1,5,fridge
2014-07-03 09:31:00+01:00,UKDALE_house_5,UKDALE,347.5357,electronics,18.9,1,ok,5,8,computer
2013-08-12 04:56:00+01:00,UKDALE_house_1,UKDALE,106.5,cooking,,1,gap,1,4,microwave
2014-07-18 11:18:00+01:00,UKDALE_house_1,UKDALE,632.5714,lighting,2.0,1,ok,1,9,lighting
2014-09-05 16:44:00+01:00,UKDALE_house_5,UKDALE,394.08,entertainment,0.0,1,ok,5,7,television
2013-05-17 16:12:00+01:00,UKDALE_house_1,UKDALE,273.5238,cooking,25.222221,1,ok,1,4,microwave
2013-10-28 14:24:00+00:00,UKDALE_house_1,UKDALE,179.76923,water,12.0,1,ok,1,2,dishwasher
2013-05-07 06:30:00+01:00,UKDALE_house_4,UKDALE,143.82927,cooking,0.8,1,ok,4,3,kettle
2013-06-18 15:50:00+01:00,UKDALE_house_1,UKDALE,298.8857,refrigeration,189.22223,1,ok,1,5,fridge
2013-02-26 10:26:00+00:00,UKDALE_house_1,UKDALE,260.9,laundry,356.7,1,ok,1,1,washing_machine
2013-08-14 04:44:00+01:00,UKDALE_house_2,UKDALE,76.55556,entertainment,,1,gap,2,7,television
2014-05-28 10:09:00+01:00,UKDALE_house_1,UKDALE,106.5,cooking,1.0,1,ok,1,6,toaster
2013-03-15 09:23:00+00:00,UKDALE_house_2,UKDALE,286.9091,laundry,185.4,1,ok,2,1,washing_machine
2014-08-10 10:30:00+01:00,UKDALE_house_5,UKDALE,440.90323,cooking,0.0,1,ok,5,3,kettle
2013-07-28 07:09:00+01:00,UKDALE_house_2,UKDALE,105.757576,cooking,10.2,1,ok,2,4,microwave
2014-09-10 03:42:00+01:00,UKDALE_house_5,UKDALE,222.03847,cooking,0.9,1,ok,5,4,microwave
2012-11-26 04:55:00+00:00,UKDALE_house_1,UKDALE,,refrigeration,,1,gap,1,5,fridge
2012-11-22 16:59:00+00:00,UKDALE_house_1,UKDALE,104.45,electronics,0.0,1,ok,1,8,computer
2014-09-27 23:39:00+01:00,UKDALE_house_5,UKDALE,429.6154,cooking,0.0,1,ok,5,3,kettle
2013-02-11 05:25:00+00:00,UKDALE_house_1,UKDALE,12.0,lighting,2.0,1,ok,1,9,lighting
2013-04-15 16:13:00+01:00,UKDALE_house_4,UKDALE,144.75862,water,14.9,1,ok,4,2,dishwasher
2013-08-31 22:13:00+01:00,UKDALE_house_2,UKDALE,679.72974,lighting,1.0,1,ok,2,9,lighting
2013-06-11 05:42:00+01:00,UKDALE_house_1,UKDALE,178.03572,laundry,208.66667,1,ok,1,1,washing_machine
2013-02-17 00:27:00+00:00,UKDALE_house_1,UKDALE,103.15,refrigeration,0.0,1,ok,1,5,fridge
2013-05-23 19:36:00+01:00,UKDALE_house_1,UKDALE,177.7619,electronics,0.0,1,ok,1,8,computer
2014-08-19 02:23:00+01:00,UKDALE_house_1,UKDALE,274.86957,water,12.3,1,ok,1,2,dishwasher
2014-11-09 15:10:00+00:00,UKDALE_house_5,UKDALE,250.08333,cooking,0.0,1,ok,5,6,toaster
2013-05-10 17:21:00+01:00,UKDALE_house_4,UKDALE,1397.25,laundry,660.5,1,ok,4,1,washing_machine
2014-04-08 21:39:00+01:00,UKDALE_house_1,UKDALE,246.85,electronics,0.0,1,ok,1,8,computer
2014-09-22 04:01:00+01:00,UKDALE_house_1,UKDALE,271.13043,cooking,0.0,1,ok,1,3,kettle
2013-10-22 19:59:00+01:00,UKDALE_house_1,UKDALE,359.0,entertainment,1.0,1,ok,1,7,television
2014-07-01 05:11:00+01:00,UKDALE_house_5,UKDALE,207.65625,laundry,498.9,1,ok,5,1,washing_machine
2013-03-25 17:26:00+00:00,UKDALE_house_1,UKDALE,477.22726,entertainment,1.0,1,ok,1,7,television
2013-04-21 03:37:00+01:00,UKDALE_house_4,UKDALE,135.26471,laundry,139.1,1,ok,4,1,washing_machine
2014-07-12 06:16:00+01:00,UKDALE_house_5,UKDALE,266.73077,water,1.0,1,ok,5,2,dishwasher
2013-03-28 20:29:00+00:00,UKDALE_house_1,UKDALE,1618.3846,cooking,10.7,1,ok,1,4,microwave
2014-10-23 18:15:00+01:00,UKDALE_house_1,UKDALE,878.7895,cooking,1.0,1,ok,1,6,toaster
2013-08-26 20:47:00+01:00,UKDALE_house_1,UKDALE,502.0,entertainment,104.55556,1,ok,1,7,television
2013-06-14 15:37:00+01:00,UKDALE_house_1,UKDALE,163.4375,electronics,0.0,1,ok,1,8,computer
2013-03-19 10:38:00+00:00,UKDALE_house_3,UKDALE,318.02777,cooking,0.0,1,ok,3,4,microwave
2013-05-27 00:54:00+01:00,UKDALE_house_1,UKDALE,157.14285,cooking,1.0,1,ok,1,6,toaster
2014-11-20 04:00:00+00:00,UKDALE_house_1,UKDALE,108.8,water,13.0,1,ok,1,2,dishwasher
2013-06-22 12:00:00+01:00,UKDALE_house_2,UKDALE,177.32353,electronics,0.9,1,ok,2,8,computer
2013-04-29 23:23:00+01:00,UKDALE_house_1,UKDALE,300.125,electronics,0.0,1,ok,1,8,computer
2013-03-31 18:54:00+01:00,UKDALE_house_2,UKDALE,282.40817,water,15.444445,1,ok,2,2,dishwasher
2013-02-02 01:11:00+00:00,UKDALE_house_1,UKDALE,,entertainment,,1,gap,1,7,television
2013-06-04 01:51:00+01:00,UKDALE_house_4,UKDALE,169.36667,refrigeration,87.666664,1,ok,4,5,fridge
2013-07-10 07:26:00+01:00,UKDALE_house_2,UKDALE,87.034485,entertainment,0.9,1,ok,2,7,television
2014-07-04 05:58:00+01:00,UKDALE_house_5,UKDALE,249.84616,entertainment,0.0,1,ok,5,7,television
2014-07-05 12:02:00+01:00,UKDALE_house_5,UKDALE,344.875,cooking,167.8,1,ok,5,3,kettle
2013-04-09 23:54:00+01:00,UKDALE_house_4,UKDALE,199.47826,cooking,8.0,1,ok,4,4,microwave
2014-08-09 20:03:00+01:00,UKDALE_house_1,UKDALE,683.0606,refrigeration,0.0,1,ok,1,5,fridge
2014-01-25 11:37:00+00:00,UKDALE_house_1,UKDALE,124.53333,cooking,,1,gap,1,4,microwave
2014-04-02 22:01:00+01:00,UKDALE_house_1,UKDALE,237.8,water,7.2,1,ok,1,2,dishwasher
2013-03-02 03:08:00+00:00,UKDALE_house_2,UKDALE,172.05405,cooking,18.8,1,ok,2,6,toaster
2013-06-07 12:42:00+01:00,UKDALE_house_1,UKDALE,299.9394,cooking,0.0,1,ok,1,3,kettle
2014-09-27 06:49:00+01:00,UKDALE_house_5,UKDALE,303.4,cooking,0.0,1,ok,5,6,toaster
2013-03-23 08:57:00+00:00,UKDALE_house_2,UKDALE,282.625,cooking,22.8,1,ok,2,6,toaster
2013-05-10 09:22:00+01:00,UKDALE_house_4,UKDALE,391.65,cooking,0.0,1,ok,4,6,toaster
2012-12-19 17:46:00+00:00,UKDALE_house_1,UKDALE,,electronics,,1,gap,1,8,computer
2013-10-25 10:20:00+01:00,UKDALE_house_1,UKDALE,350.78946,lighting,2.0,1,ok,1,9,lighting
2013-04-27 09:45:00+01:00,UKDALE_house_1,UKDALE,882.7353,cooking,0.0,1,ok,1,3,kettle
2014-10-11 17:02:00+01:00,UKDALE_house_1,UKDALE,266.62964,cooking,0.0,1,ok,1,6,toaster
2014-08-30 07:11:00+01:00,UKDALE_house_5,UKDALE,217.41176,cooking,0.3,1,ok,5,4,microwave
2014-02-06 19:57:00+00:00,UKDALE_house_1,UKDALE,345.85,entertainment,1.0,1,ok,1,7,television
2013-02-15 00:55:00+00:00,UKDALE_house_1,UKDALE,143.1579,water,12.0,1,ok,1,2,dishwasher
2013-08-17 23:23:00+01:00,UKDALE_house_4,UKDALE,105.07143,water,,1,gap,4,2,dishwasher
2014-08-23 16:55:00+01:00,UKDALE_house_5,UKDALE,312.15384,laundry,724.375,1,ok,5,1,washing_machine
2014-07-23 15:04:00+01:00,UKDALE_house_5,UKDALE,238.97437,lighting,80.0,1,ok,5,9,lighting
2014-01-30 13:48:00+00:00,UKDALE_house_1,UKDALE,602.6923,laundry,856.8889,1,ok,1,1,washing_machine
2013-09-05 16:40:00+01:00,UKDALE_house_2,UKDALE,698.56665,lighting,1.0,1,ok,2,9,lighting
2012-11-20 05:39:00+00:00,UKDALE_house_1,UKDALE,83.882355,cooking,11.0,1,ok,1,4,microwave
2013-03-15 01:49:00+00:00,UKDALE_house_1,UKDALE,200.5,laundry,241.2,1,ok,1,1,washing_machine
2013-11-03 20:20:00+00:00,UKDALE_house_1,UKDALE,315.25,laundry,563.5,1,ok,1,1,washing_machine
2014-06-21 19:28:00+01:00,UKDALE_house_1,UKDALE,127.86667,cooking,1.0,1,ok,1,6,toaster
2014-07-05 05:25:00+01:00,UKDALE_house_1,UKDALE,250.5,cooking,,1,gap,1,4,microwave
2013-05-08 16:10:00+01:00,UKDALE_house_1,UKDALE,241.20512,cooking,1.0,1,ok,1,6,toaster
2013-08-16 10:44:00+01:00,UKDALE_house_1,UKDALE,199.88889,cooking,51.0,1,ok,1,3,kettle
2014-09-02 19:54:00+01:00,UKDALE_house_5,UKDALE,405.9375,laundry,944.2,1,ok,5,1,washing_machine
2013-07-16 20:08:00+01:00,UKDALE_house_4,UKDALE,138.72,cooking,,1,gap,4,4,microwave
2013-11-02 19:27:00+00:00,UKDALE_house_1,UKDALE,1459.1111,entertainment,1.0,1,ok,1,7,television
2013-08-21 23:23:00+01:00,UKDALE_house_2,UKDALE,142.75862,water,,1,gap,2,2,dishwasher
2013-11-22 04:16:00+00:00,UKDALE_house_1,UKDALE,162.46153,laundry,201.6,1,ok,1,1,washing_machine
2013-08-28 21:41:00+01:00,UKDALE_house_1,UKDALE,453.42426,cooking,1.0,1,ok,1,6,toaster
2014-03-05 19:32:00+00:00,UKDALE_house_1,UKDALE,144.21053,cooking,0.0,1,ok,1,3,kettle
2014-07-05 18:52:00+01:00,UKDALE_house_5,UKDALE,301.52,refrigeration,0.2,1,ok,5,5,fridge
2013-03-08 23:41:00+00:00,UKDALE_house_3,UKDALE,323.85294,refrigeration,275.3,1,ok,3,5,fridge
2013-03-04 02:16:00+00:00,UKDALE_house_3,UKDALE,147.17647,water,1.0,1,ok,3,2,dishwasher
2014-12-05 06:54:00+00:00,UKDALE_house_1,UKDALE,148.33333,entertainment,1.0,1,ok,1,7,television
2014-12-29 17:13:00+00:00,UKDALE_house_1,UKDALE,157.8125,entertainment,1.0,1,ok,1,7,television
2013-09-20 09:47:00+01:00,UKDALE_house_2,UKDALE,160.2683,water,32.4,1,ok,2,2,dishwasher
2013-05-09 01:23:00+01:00,UKDALE_house_2,UKDALE,136.43243,entertainment,10.888889,1,ok,2,7,television
2013-09-06 09:18:00+01:00,UKDALE_house_1,UKDALE,242.73685,electronics,4.2,1,ok,1,8,computer
2013-04-25 09:59:00+01:00,UKDALE_house_2,UKDALE,240.54839,entertainment,10.9,1,ok,2,7,television
2014-07-07 14:48:00+01:00,UKDALE_house_5,UKDALE,354.15384,laundry,558.3,1,ok,5,1,washing_machine
2013-06-25 20:16:00+01:00,UKDALE_house_1,UKDALE,782.25,entertainment,0.0,1,ok,1,7,television
2013-06-08 12:21:00+01:00,UKDALE_house_4,UKDALE,309.60605,cooking,0.0,1,ok,4,6,toaster
2013-03-19 10:59:00+00:00,UKDALE_house_1,UKDALE,1057.25,lighting,2.0,1,ok,1,9,lighting
2013-12-29 11:55:00+00:00,UKDALE_house_1,UKDALE,501.3125,cooking,52.3,1,ok,1,3,kettle
2013-05-24 23:02:00+01:00,UKDALE_house_4,UKDALE,354.4762,water,12.888889,1,ok,4,2,dishwasher
2013-09-01 16:13:00+01:00,UKDALE_house_2,UKDALE,181.31708,cooking,6.2222223,1,ok,2,6,toaster
2013-03-26 09:28:00+00:00,UKDALE_house_2,UKDALE,603.4474,refrigeration,38.2,1,ok,2,5,fridge
2013-07-11 06:47:00+01:00,UKDALE_house_4,UKDALE,247.33333,cooking,,1,gap,4,3,kettle
2013-03-10 14:23:00+00:00,UKDALE_house_1,UKDALE,247.61765,entertainment,,1,gap,1,7,television
2014-10-19 07:37:00+01:00,UKDALE_house_1,UKDALE,154.0,lighting,64.0,1,ok,1,9,lighting
2014-06-24 21:32:00+01:00,UKDALE_house_1,UKDALE,298.7647,lighting,73.0,1,ok,1,9,lighting
2013-04-23 23:43:00+01:00,UKDALE_house_1,UKDALE,189.45714,electronics,0.0,1,ok,1,8,computer
2013-10-12 18:48:00+01:00,UKDALE_house_1,UKDALE,275.1,cooking,1.0,1,ok,1,6,toaster
2014-03-30 11:07:00+01:00,UKDALE_house_1,UKDALE,98.9,entertainment,1.0,1,ok,1,7,television
2014-11-11 02:51:00+00:00,UKDALE_house_5,UKDALE,213.89655,entertainment,0.0,1,ok,5,7,television
2014-05-30 10:09:00+01:00,UKDALE_house_1,UKDALE,81.1,water,12.7,1,ok,1,2,dishwasher
2013-09-01 16:55:00+01:00,UKDALE_house_1,UKDALE,277.25,entertainment,0.75,1,ok,1,7,television
2014-10-28 22:03:00+00:00,UKDALE_house_1,UKDALE,744.1579,entertainment,1.0,1,ok,1,7,television
2014-03-06 05:32:00+00:00,UKDALE_house_1,UKDALE,121.63158,laundry,220.2,1,ok,1,1,washing_machine
2014-02-16 13:49:00+00:00,UKDALE_house_1,UKDALE,104.52631,lighting,2.0,1,ok,1,9,lighting
2013-07-20 11:17:00+01:00,UKDALE_house_2,UKDALE,145.95833,lighting,1.0,1,ok,2,9,lighting
2013-12-04 06:23:00+00:00,UKDALE_house_1,UKDALE,111.947365,laundry,201.9,1,ok,1,1,washing_machine
2014-02-28 16:44:00+00:00,UKDALE_house_1,UKDALE,266.0,cooking,1.0,1,ok,1,6,toaster
2013-04-19 23:34:00+01:00,UKDALE_house_1,UKDALE,317.76923,electronics,0.0,1,ok,1,8,computer
2013-05-15 13:52:00+01:00,UKDALE_house_1,UKDALE,329.0645,lighting,68.77778,1,ok,1,9,lighting
2014-06-01 21:17:00+01:00,UKDALE_house_1,UKDALE,207.65,refrigeration,0.0,1,ok,1,5,fridge
2014-07-27 04:27:00+01:00,UKDALE_house_1,UKDALE,347.15,cooking,1.0,1,ok,1,6,toaster
2013-12-14 05:21:00+00:00,UKDALE_house_1,UKDALE,88.05882,cooking,,1,gap,1,4,microwave
2014-11-23 13:08:00+00:00,UKDALE_house_1,UKDALE,97.333336,cooking,0.0,1,ok,1,6,toaster
2013-06-01 14:16:00+01:00,UKDALE_house_4,UKDALE,272.48,cooking,7.9,1,ok,4,4,microwave
2014-09-21 14:29:00+01:00,UKDALE_house_1,UKDALE,247.04347,refrigeration,0.0,1,ok,1,5,fridge
2013-09-21 03:07:00+01:00,UKDALE_house_1,UKDALE,167.125,laundry,238.44444,1,ok,1,1,washing_machine
2013-08-19 09:24:00+01:00,UKDALE_house_4,UKDALE,197.7,water,,1,gap,4,2,dishwasher
2013-07-21 11:42:00+01:00,UKDALE_house_1,UKDALE,176.77777,refrigeration,0.0,1,ok,1,5,fridge
2013-11-28 17:00:00+00:00,UKDALE_house_1,UKDALE,423.35294,lighting,2.0,1,ok,1,9,lighting
2014-03-14 08:25:00+00:00,UKDALE_house_1,UKDALE,346.18182,cooking,21.555555,1,ok,1,4,microwave
2013-04-20 13:04:00+01:00,UKDALE_house_2,UKDALE,564.84375,cooking,60.5,1,ok,2,3,kettle
2013-02-22 18:57:00+00:00,UKDALE_house_1,UKDALE,1479.579,laundry,308.22223,1,ok,1,1,washing_machine
2013-06-06 16:40:00+01:00,UKDALE_house_1,UKDALE,278.0,water,0.0,1,ok,1,2,dishwasher
2013-01-13 18:09:00+00:00,UKDALE_house_1,UKDALE,,electronics,,1,gap,1,8,computer
2013-04-09 07:41:00+01:00,UKDALE_house_1,UKDALE,363.3913,electronics,0.0,1,ok,1,8,computer
2014-10-21 15:30:00+01:00,UKDALE_house_1,UKDALE,465.8,cooking,1.0,1,ok,1,6,toaster
2013-02-12 06:10:00+00:00,UKDALE_house_1,UKDALE,,cooking,,1,gap,1,3,kettle
2013-01-30 14:19:00+00:00,UKDALE_house_1,UKDALE,,cooking,,1,gap,1,3,kettle
2013-05-09 06:50:00+01:00,UKDALE_house_1,UKDALE,762.0625,lighting,2.0,1,ok,1,9,lighting
2013-03-21 05:18:00+00:00,UKDALE_house_3,UKDALE,156.93182,cooking,2.0,1,ok,3,3,kettle
2014-09-17 00:39:00+01:00,UKDALE_house_1,UKDALE,352.7619,cooking,1.0,1,ok,1,6,toaster
2014-10-31 19:35:00+00:00,UKDALE_house_5,UKDALE,474.3889,refrigeration,0.4,1,ok,5,5,fridge
2014-09-18 12:12:00+01:00,UKDALE_house_5,UKDALE,654.35,cooking,163.6,1,ok,5,3,kettle
2014-07-27 14:02:00+01:00,UKDALE_house_1,UKDALE,398.2,refrigeration,0.0,1,ok,1,5,fridge
2014-08-13 00:36:00+01:00,UKDALE_house_5,UKDALE,292.2857,cooking,0.7777778,1,ok,5,4,microwave
2013-07-21 14:03:00+01:00,UKDALE_house_2,UKDALE,204.32143,entertainment,0.9,1,ok,2,7,television
2014-09-03 08:37:00+01:00,UKDALE_house_5,UKDALE,800.8182,entertainment,0.0,1,ok,5,7,television
2013-09-07 10:05:00+01:00,UKDALE_house_4,UKDALE,846.48,cooking,0.0,1,ok,4,6,toaster
2013-02-23 16:06:00+00:00,UKDALE_house_1,UKDALE,185.75,entertainment,1.0,1,ok,1,7,television
2013-08-23 20:00:00+01:00,UKDALE_house_2,UKDALE,669.93335,water,23.1,1,ok,2,2,dishwasher
2014-10-21 12:29:00+01:00,UKDALE_house_1,UKDALE,545.6111,cooking,50.2,1,ok,1,3,kettle
2013-05-01 12:56:00+01:00,UKDALE_house_1,UKDALE,240.0,cooking,47.0,1,ok,1,3,kettle
2014-07-08 00:10:00+01:00,UKDALE_house_1,UKDALE,264.2857,refrigeration,0.0,1,ok,1,5,fridge
2013-05-02 03:06:00+01:00,UKDALE_house_2,UKDALE,241.82143,laundry,137.6,1,ok,2,1,washing_machine
2013-07-21 08:44:00+01:00,UKDALE_house_4,UKDALE,155.16667,refrigeration,,1,gap,4,5,fridge
2014-10-16 18:02:00+01:00,UKDALE_house_1,UKDALE,415.0909,lighting,68.666664,1,ok,1,9,lighting
2013-03-17 02:27:00+00:00,UKDALE_house_3,UKDALE,257.18182,cooking,2.0,1,ok,3,3,kettle
2013-07-28 18:18:00+01:00,UKDALE_house_1,UKDALE,223.51852,lighting,2.0,1,ok,1,9,lighting
2014-06-26 20:45:00+01:00,UKDALE_house_1,UKDALE,281.78946,cooking,0.0,1,ok,1,3,kettle
2013-04-07 12:32:00+01:00,UKDALE_house_4,UKDALE,214.36171,cooking,0.0,1,ok,4,3,kettle
2014-07-02 00:23:00+01:00,UKDALE_house_5,UKDALE,217.36363,cooking,115.77778,1,ok,5,3,kettle
2014-12-16 14:04:00+00:00,UKDALE_house_1,UKDALE,501.14285,refrigeration,185.33333,1,ok,1,5,fridge
2013-07-23 15:53:00+01:00,UKDALE_house_2,UKDALE,177.6,water,0.0,1,ok,2,2,dishwasher
2013-12-19 22:08:00+00:00,UKDALE_house_1,UKDALE,257.3684,laundry,536.6667,1,ok,1,1,washing_machine
2014-04-27 20:01:00+01:00,UKDALE_house_1,UKDALE,341.33334,water,12.0,1,ok,1,2,dishwasher
2013-01-11 16:17:00+00:00,UKDALE_house_1,UKDALE,,cooking,,1,gap,1,6,toaster
2013-05-14 20:33:00+01:00,UKDALE_house_1,UKDALE,758.2093,cooking,0.0,1,ok,1,3,kettle
2014-12-14 10:27:00+00:00,UKDALE_house_1,UKDALE,250.9,laundry,244.4,1,ok,1,1,washing_machine
2013-08-12 02:50:00+01:00,UKDALE_house_1,UKDALE,128.375,cooking,0.0,1,ok,1,3,kettle
2014-02-21 06:39:00+00:00,UKDALE_house_1,UKDALE,200.22223,electronics,0.0,1,ok,1,8,computer
2014-09-30 00:49:00+01:00,UKDALE_house_5,UKDALE,773.1429,refrigeration,0.0,1,ok,5,5,fridge
2013-04-03 10:08:00+01:00,UKDALE_house_4,UKDALE,898.44446,cooking,2917.8,1,ok,4,3,kettle
2013-07-04 01:21:00+01:00,UKDALE_house_1,UKDALE,112.90323,lighting,2.0,1,ok,1,9,lighting
2013-05-08 19:13:00+01:00,UKDALE_house_2,UKDALE,268.8,cooking,62.77778,1,ok,2,3,kettle
2013-02-27 05:28:00+00:00,UKDALE_house_2,UKDALE,232.44,cooking,3.0,1,ok,2,4,microwave
2013-03-15 01:51:00+00:00,UKDALE_house_3,UKDALE,165.05263,water,,1,gap,3,2,dishwasher
2014-05-27 09:09:00+01:00,UKDALE_house_1,UKDALE,109.3,lighting,2.0,1,ok,1,9,lighting
2013-09-06 09:01:00+01:00,UKDALE_house_2,UKDALE,206.47223,cooking,6.3,1,ok,2,6,toaster
2013-01-20 04:01:00+00:00,UKDALE_house_1,UKDALE,90.75,cooking,1.0,1,ok,1,6,toaster
2014-02-20 19:51:00+00:00,UKDALE_house_1,UKDALE,100.75,cooking,0.0,1,ok,1,3,kettle
2013-06-20 10:17:00+01:00,UKDALE_house_2,UKDALE,187.85185,entertainment,1.0,1,ok,2,7,television
2014-06-23 06:16:00+01:00,UKDALE_house_1,UKDALE,125.3,electronics,4.0,1,ok,1,8,computer
2014-12-11 08:55:00+00:00,UKDALE_house_1,UKDALE,227.77777,cooking,1.0,1,ok,1,6,toaster
2014-02-26 09:10:00+00:00,UKDALE_house_1,UKDALE,92.9,cooking,1.0,1,ok,1,6,toaster
2014-07-12 00:49:00+01:00,UKDALE_house_5,UKDALE,366.28,cooking,0.1,1,ok,5,4,microwave
2013-01-06 18:52:00+00:00,UKDALE_house_1,UKDALE,315.9,water,54.0,1,ok,1,2,dishwasher
2013-11-10 03:35:00+00:00,UKDALE_house_1,UKDALE,112.52631,entertainment,0.875,1,ok,1,7,television
2013-09-10 23:51:00+01:00,UKDALE_house_4,UKDALE,262.6,cooking,7.9,1,ok,4,4,microwave
2013-08-02 12:14:00+01:00,UKDALE_house_4,UKDALE,131.0,cooking,,1,gap,4,3,kettle
2014-03-05 15:09:00+00:00,UKDALE_house_1,UKDALE,144.10527,lighting,2.0,1,ok,1,9,lighting
2013-07-17 15:04:00+01:00,UKDALE_house_1,UKDALE,230.17857,electronics,5.0,1,ok,1,8,computer
2014-07-08 09:07:00+01:00,UKDALE_house_1,UKDALE,367.78262,cooking,49.0,1,ok,1,3,kettle
2014-06-04 06:09:00+01:00,UKDALE_house_1,UKDALE,104.75,cooking,0.0,1,ok,1,3,kettle
2013-04-02 12:12:00+01:00,UKDALE_house_3,UKDALE,275.56818,water,1.0,1,ok,3,2,dishwasher
2014-08-30 02:06:00+01:00,UKDALE_house_1,UKDALE,217.5,water,13.0,1,ok,1,2,dishwasher
2013-04-14 01:32:00+01:00,UKDALE_house_1,UKDALE,141.91304,refrigeration,0.0,1,ok,1,5,fridge
2013-06-16 15:32:00+01:00,UKDALE_house_2,UKDALE,162.90244,cooking,10.5,1,ok,2,4,microwave
2013-04-29 09:02:00+01:00,UKDALE_house_2,UKDALE,202.45946,cooking,6.0,1,ok,2,6,toaster
2014-02-02 05:48:00+00:00,UKDALE_house_1,UKDALE,178.25,water,12.333333,1,ok,1,2,dishwasher
2013-09-09 20:49:00+01:00,UKDALE_house_4,UKDALE,362.0,refrigeration,0.0,1,ok,4,5,fridge
2013-02-24 01:13:00+00:00,UKDALE_house_1,UKDALE,236.0,cooking,0.0,1,ok,1,3,kettle
2012-12-11 18:19:00+00:00,UKDALE_house_1,UKDALE,,refrigeration,,1,gap,1,5,fridge
2013-01-14 06:52:00+00:00,UKDALE_house_1,UKDALE,,electronics,,1,gap,1,8,computer
2014-07-06 03:32:00+01:00,UKDALE_house_5,UKDALE,448.42856,laundry,487.33334,1,ok,5,1,washing_machine
2014-03-07 21:17:00+00:00,UKDALE_house_1,UKDALE,218.70589,lighting,2.0,1,ok,1,9,lighting
2014-11-02 02:39:00+00:00,UKDALE_house_5,UKDALE,188.03448,refrigeration,0.11111111,1,ok,5,5,fridge
2013-10-08 04:08:00+01:00,UKDALE_house_2,UKDALE,281.70587,entertainment,0.0,1,ok,2,7,television
2013-06-13 14:11:00+01:00,UKDALE_house_1,UKDALE,161.11905,laundry,349.0,1,ok,1,1,washing_machine
2013-06-11 23:35:00+01:00,UKDALE_house_4,UKDALE,236.42105,cooking,8.0,1,ok,4,4,microwave
2013-07-21 21:43:00+01:00,UKDALE_house_1,UKDALE,237.64,cooking,0.0,1,ok,1,3,kettle
2014-01-16 01:13:00+00:00,UKDALE_house_1,UKDALE,94.35,refrigeration,0.0,1,ok,1,5,fridge
2013-06-11 12:09:00+01:00,UKDALE_house_2,UKDALE,217.19354,cooking,6.0,1,ok,2,6,toaster
2013-05-29 01:25:00+01:00,UKDALE_house_2,UKDALE,180.17647,cooking,0.0,1,ok,2,3,kettle
2012-12-07 13:37:00+00:00,UKDALE_house_1,UKDALE,,cooking,,1,gap,1,4,microwave
2014-11-07 04:15:00+00:00,UKDALE_house_5,UKDALE,240.65384,laundry,384.8,1,ok,5,1,washing_machine
2013-09-20 17:38:00+01:00,UKDALE_house_2,UKDALE,483.0,laundry,199.9,1,ok,2,1,washing_machine
2013-05-24 12:20:00+01:00,UKDALE_house_2,UKDALE,183.58824,entertainment,0.8888889,1,ok,2,7,television
2013-05-25 06:24:00+01:00,UKDALE_house_2,UKDALE,241.0,laundry,174.2,1,ok,2,1,washing_machine
2013-01-13 21:10:00+00:00,UKDALE_house_1,UKDALE,,entertainment,,1,gap,1,7,television
2014-03-30 00:40:00+00:00,UKDALE_house_1,UKDALE,181.1,cooking,,1,gap,1,4,microwave
2013-03-17 05:38:00+00:00,UKDALE_house_3,UKDALE,305.85,laundry,602.0,1,ok,3,1,washing_machine
2014-01-20 00:48:00+00:00,UKDALE_house_1,UKDALE,157.66667,water,12.0,1,ok,1,2,dishwasher
2014-11-03 15:41:00+00:00,UKDALE_house_1,UKDALE,835.381,cooking,,1,gap,1,4,microwave
2013-10-20 23:24:00+01:00,UKDALE_house_1,UKDALE,136.0,entertainment,1.0,1,ok,1,7,television
2013-04-11 21:31:00+01:00,UKDALE_house_2,UKDALE,424.73077,laundry,,1,gap,2,1,washing_machine
2013-01-04 18:16:00+00:00,UKDALE_house_1,UKDALE,145.95,water,2.4,1,ok,1,2,dishwasher
2013-04-08 14:38:00+01:00,UKDALE_house_1,UKDALE,808.4545,laundry,2485.3333,1,ok,1,1,washing_machine
2013-03-08 09:26:00+00:00,UKDALE_house_3,UKDALE,243.1875,laundry,219.33333,1,ok,3,1,washing_machine
2014-07-07 10:02:00+01:00,UKDALE_house_1,UKDALE,761.05,cooking,118.6,1,ok,1,6,toaster
2014-05-04 15:08:00+01:00,UKDALE_house_1,UKDALE,125.052635,refrigeration,0.0,1,ok,1,5,fridge
2013-05-19 15:51:00+01:00,UKDALE_house_2,UKDALE,211.28,water,,1,gap,2,2,dishwasher
2013-11-03 01:59:00+00:00,UKDALE_house_1,UKDALE,101.789474,refrigeration,0.0,1,ok,1,5,fridge
2013-06-06 10:21:00+01:00,UKDALE_house_4,UKDALE,256.27585,cooking,0.0,1,ok,4,6,toaster
2014-12-04 06:05:00+00:00,UKDALE_house_1,UKDALE,167.45454,cooking,0.0,1,ok,1,6,toaster
2013-04-16 22:10:00+01:00,UKDALE_house_2,UKDALE,340.36667,cooking,,1,gap,2,4,microwave
2014-06-18 02:01:00+01:00,UKDALE_house_1,UKDALE,239.8,laundry,231.4,1,ok,1,1,washing_machine
2014-08-25 04:17:00+01:00,UKDALE_house_5,UKDALE,219.44,refrigeration,0.2,1,ok,5,5,fridge
2013-02-23 19:02:00+00:00,UKDALE_house_2,UKDALE,944.25,cooking,0.0,1,ok,2,3,kettle
2014-09-28 00:09:00+01:00,UKDALE_house_1,UKDALE,202.7037,water,13.0,1,ok,1,2,dishwasher
2013-09-14 13:07:00+01:00,UKDALE_house_2,UKDALE,325.92307,cooking,0.0,1,ok,2,3,kettle
2014-07-05 14:15:00+01:00,UKDALE_house_5,UKDALE,246.14815,electronics,18.1,1,ok,5,8,computer
