timestamp,house_id,building,meter,appliance_category,appliance,mains_power,appliance_power,data_quality_flag
2023-06-01T00:00:00Z,IAWE_house_2,bldg_iawe_2,meter_iawe,fridge,fridge,180.73,112.02,good
2023-06-01T00:01:00Z,IAWE_house_2,bldg_iawe_2,meter_iawe,air_conditioner_2,air_conditioner,2148.14,1878.99,good
2023-06-01T00:02:00Z,IAWE_house_2,bldg_iawe_2,meter_iawe,fridge,fridge,194.67,95.79,good
2023-06-01T00:03:00Z,IAWE_house_1,bldg_iawe_1,meter_iawe,other,other,652.19,418.31,good
2023-06-01T00:04:00Z,IAWE_house_2,bldg_iawe_2,meter_iawe,other,other,669.37,542.75,good
2023-06-01T00:05:00Z,IAWE_house_2,bldg_iawe_2,meter_iawe,fridge,fridge,326.69,130.25,good
2023-06-01T00:06:00Z,IAWE_house_2,bldg_iawe_2,meter_iawe,air_conditioner_1,air_conditioner,444.78,0.0,good
2023-06-01T00:07:00Z,IAWE_house_2,bldg_iawe_2,meter_iawe,air_conditioner_2,air_conditioner,143.88,0.0,good
2023-06-01T00:08:00Z,IAWE_house_2,bldg_iawe_2,meter_iawe,air_conditioner_2,air_conditioner,1663.66,1238.42,good
2023-06-01T00:09:00Z,IAWE_house_2,bldg_iawe_2,meter_iawe,lighting,lighting,163.32,0.0,good
2023-06-01T00:10:00Z,IAWE_house_2,bldg_iawe_2,meter_iawe,other,other,779.5,610.16,good
2023-06-01T00:11:00Z,IAWE_house_1,bldg_iawe_1,meter_iawe,fridge,fridge,108.69,5.0,good
2023-06-01T00:12:00Z,IAWE_house_1,bldg_iawe_1,meter_iawe,fridge,fridge,252.02,89.75,good
2023-06-01T00:13:00Z,IAWE_house_2,bldg_iawe_2,meter_iawe,air_conditioner_1,air_conditioner,185.65,0.0,good
2023-06-01T00:14:00Z,IAWE_house_1,bldg_iawe_1,meter_iawe,air_conditioner_2,air_conditioner,2162.69,1957.69,good
2023-06-01T00:15:00Z,IAWE_house_2,bldg_iawe_2,meter_iawe,fridge,fridge,291.6,131.71,good
2023-06-01T00:16:00Z,IAWE_house_1,bldg_iawe_1,meter_iawe,fridge,fridge,207.48,147.28,good
2023-06-01T00:17:00Z,IAWE_house_1,bldg_iawe_1,meter_iawe,air_conditioner_1,air_conditioner,2438.27,2190.73,good
2023-06-01T00:18:00Z,IAWE_house_1,bldg_iawe_1,meter_iawe,lighting,lighting,188.74,0.0,good
2023-06-01T00:19:00Z,IAWE_house_1,bldg_iawe_1,meter_iawe,air_conditioner_2,air_conditioner,1502.33,1252.74,good
2023-06-01T00:20:00Z,IAWE_house_2,bldg_iawe_2,meter_iawe,fridge,fridge,262.28,102.96,good
2023-06-01T00:21:00Z,IAWE_house_1,bldg_iawe_1,meter_iawe,fridge,fridge,189.48,5.0,good
2023-06-01T00:22:00Z,IAWE_house_2,bldg_iawe_2,meter_iawe,fridge,fridge,77.04,5.0,good
2023-06-01T00:23:00Z,IAWE_house_1,bldg_iawe_1,meter_iawe,lighting,lighting,351.07,57.25,good
2023-06-01T00:24:00Z,IAWE_house_2,bldg_iawe_2,meter_iawe,fridge,fridge,273.46,97.86,good
2023-06-01T00:25:00Z,IAWE_house_2,bldg_iawe_2,meter_iawe,other,other,921.33,614.84,good
2023-06-01T00:26:00Z,IAWE_house_2,bldg_iawe_2,meter_iawe,air_conditioner_2,air_conditioner,2262.62,2132.82,good
2023-06-01T00:27:00Z,IAWE_house_1,bldg_iawe_1,meter_iawe,air_conditioner_2,air_conditioner,212.94,0.0,good
2023-06-01T00:28:00Z,IAWE_house_1,bldg_iawe_1,meter_iawe,air_conditioner_2,air_conditioner,1991.57,1580.73,good
2023-06-01T00:29:00Z,IAWE_house_2,bldg_iawe_2,meter_iawe,fridge,fridge,257.14,125.2,good
2023-06-01T00:30:00Z,IAWE_house_2,bldg_iawe_2,meter_iawe,other,other,523.1,380.46,good
2023-06-01T00:31:00Z,IAWE_house_2,bldg_iawe_2,meter_iawe,air_conditioner_1,air_conditioner,2123.01,1862.31,good
2023-06-01T00:32:00Z,IAWE_house_2,bldg_iawe_2,meter_iawe,other,other,335.93,152.25,good
2023-06-01T00:33:00Z,IAWE_house_1,bldg_iawe_1,meter_iawe,air_conditioner_1,air_conditioner,2199.07,1869.87,good
2023-06-01T00:34:00Z,IAWE_house_1,bldg_iawe_1,meter_iawe,fridge,fridge,128.24,5.0,good
2023-06-01T00:35:00Z,IAWE_house_1,bldg_iawe_1,meter_iawe,fridge,fridge,61.0,5.0,good
2023-06-01T00:36:00Z,IAWE_house_2,bldg_iawe_2,meter_iawe,air_conditioner_1,air_conditioner,313.74,0.0,good
2023-06-01T00:37:00Z,IAWE_house_2,bldg_iawe_2,meter_iawe,air_conditioner_1,air_conditioner,2043.21,1736.77,good
2023-06-01T00:38:00Z,IAWE_house_1,bldg_iawe_1,meter_iawe,fridge,fridge,273.11,107.83,good
2023-06-01T00:39:00Z,IAWE_house_1,bldg_iawe_1,meter_iawe,lighting,lighting,240.25,88.27,good
2023-06-01T00:40:00Z,IAWE_house_1,bldg_iawe_1,meter_iawe,air_conditioner_2,air_conditioner,1886.31,1525.77,good
2023-06-01T00:41:00Z,IAWE_house_2,bldg_iawe_2,meter_iawe,air_conditioner_1,air_conditioner,181.61,0.0,good
2023-06-01T00:42:00Z,IAWE_house_2,bldg_iawe_2,meter_iawe,air_conditioner_1,air_conditioner,2067.68,1612.55,good
2023-06-01T00:43:00Z,IAWE_house_2,bldg_iawe_2,meter_iawe,air_conditioner_2,air_conditioner,2487.56,1992.1,good
2023-06-01T00:44:00Z,IAWE_house_1,bldg_iawe_1,meter_iawe,air_conditioner_2,air_conditioner,2442.23,2043.3,good
2023-06-01T00:45:00Z,IAWE_house_2,bldg_iawe_2,meter_iawe,air_conditioner_1,air_conditioner,1576.67,1431.31,good
2023-06-01T00:46:00Z,IAWE_house_2,bldg_iawe_2,meter_iawe,other,other,597.2,338.15,good
2023-06-01T00:47:00Z,IAWE_house_2,bldg_iawe_2,meter_iawe,air_conditioner_1,air_conditioner,2161.9,1830.45,good
2023-06-01T00:48:00Z,IAWE_house_2,bldg_iawe_2,meter_iawe,lighting,lighting,255.76,0.0,good
2023-06-01T00:49:00Z,IAWE_house_1,bldg_iawe_1,meter_iawe,lighting,lighting,222.84,0.0,good
2023-06-01T00:50:00Z,IAWE_house_1,bldg_iawe_1,meter_iawe,air_conditioner_1,air_conditioner,1568.33,1379.03,good
2023-06-01T00:51:00Z,IAWE_house_1,bldg_iawe_1,meter_iawe,air_conditioner_1,air_conditioner,1555.19,1340.9,good
2023-06-01T00:52:00Z,IAWE_house_2,bldg_iawe_2,meter_iawe,air_conditioner_2,air_conditioner,195.69,0.0,good
2023-06-01T00:53:00Z,IAWE_house_2,bldg_iawe_2,meter_iawe,air_conditioner_1,air_conditioner,2654.98,2172.89,good
2023-06-01T00:54:00Z,IAWE_house_1,bldg_iawe_1,meter_iawe,air_conditioner_1,air_conditioner,259.09,0.0,good
2023-06-01T00:55:00Z,IAWE_house_2,bldg_iawe_2,meter_iawe,other,other,363.87,123.69,good
2023-06-01T00:56:00Z,IAWE_house_2,bldg_iawe_2,meter_iawe,air_conditioner_1,air_conditioner,1479.04,1254.82,good
2023-06-01T00:57:00Z,IAWE_house_1,bldg_iawe_1,meter_iawe,air_conditioner_1,air_conditioner,2273.58,1939.11,good
2023-06-01T00:58:00Z,IAWE_house_1,bldg_iawe_1,meter_iawe,air_conditioner_1,air_conditioner,1832.05,1633.73,good
2023-06-01T00:59:00Z,IAWE_house_1,bldg_iawe_1,meter_iawe,lighting,lighting,400.14,141.23,good
2023-06-01T01:00:00Z,IAWE_house_2,bldg_iawe_2,meter_iawe,other,other,741.94,483.08,good
2023-06-01T01:01:00Z,IAWE_house_1,bldg_iawe_1,meter_iawe,other,other,573.3,378.08,good
2023-06-01T01:02:00Z,IAWE_house_1,bldg_iawe_1,meter_iawe,air_conditioner_1,air_conditioner,2017.9,1722.12,good
2023-06-01T01:03:00Z,IAWE_house_2,bldg_iawe_2,meter_iawe,fridge,fridge,127.6,5.0,good
2023-06-01T01:04:00Z,IAWE_house_1,bldg_iawe_1,meter_iawe,fridge,fridge,279.7,118.67,good
2023-06-01T01:05:00Z,IAWE_house_1,bldg_iawe_1,meter_iawe,other,other,604.66,360.11,good
2023-06-01T01:06:00Z,IAWE_house_2,bldg_iawe_2,meter_iawe,lighting,lighting,247.27,0.0,good
2023-06-01T01:07:00Z,IAWE_house_2,bldg_iawe_2,meter_iawe,air_conditioner_2,air_conditioner,1567.57,1202.33,good
2023-06-01T01:08:00Z,IAWE_house_2,bldg_iawe_2,meter_iawe,fridge,fridge,203.12,125.93,good
2023-06-01T01:09:00Z,IAWE_house_2,bldg_iawe_2,meter_iawe,air_conditioner_2,air_conditioner,484.96,0.0,good
2023-06-01T01:10:00Z,IAWE_house_1,bldg_iawe_1,meter_iawe,fridge,fridge,230.03,107.26,good
2023-06-01T01:11:00Z,IAWE_house_1,bldg_iawe_1,meter_iawe,fridge,fridge,300.96,112.94,good
2023-06-01T01:12:00Z,IAWE_house_1,bldg_iawe_1,meter_iawe,fridge,fridge,240.93,82.67,good
2023-06-01T01:13:00Z,IAWE_house_1,bldg_iawe_1,meter_iawe,other,other,789.85,654.19,good
2023-06-01T01:14:00Z,IAWE_house_1,bldg_iawe_1,meter_iawe,lighting,lighting,142.35,0.0,good
2023-06-01T01:15:00Z,IAWE_house_2,bldg_iawe_2,meter_iawe,lighting,lighting,224.94,0.0,good
2023-06-01T01:16:00Z,IAWE_house_1,bldg_iawe_1,meter_iawe,air_conditioner_2,air_conditioner,2184.01,1986.74,good
2023-06-01T01:17:00Z,IAWE_house_2,bldg_iawe_2,meter_iawe,lighting,lighting,217.14,0.0,good
2023-06-01T01:18:00Z,IAWE_house_2,bldg_iawe_2,meter_iawe,air_conditioner_2,air_conditioner,1622.07,1495.35,good
2023-06-01T01:19:00Z,IAWE_house_2,bldg_iawe_2,meter_iawe,other,other,861.23,717.07,good
2023-06-01T01:20:00Z,IAWE_house_2,bldg_iawe_2,meter_iawe,air_conditioner_2,air_conditioner,2016.2,1634.35,good
2023-06-01T01:21:00Z,IAWE_house_2,bldg_iawe_2,meter_iawe,lighting,lighting,194.09,69.34,good
2023-06-01T01:22:00Z,IAWE_house_1,bldg_iawe_1,meter_iawe,air_conditioner_1,air_conditioner,2089.65,1797.96,good
2023-06-01T01:23:00Z,IAWE_house_1,bldg_iawe_1,meter_iawe,air_conditioner_1,air_conditioner,2007.53,1541.18,good
2023-06-01T01:24:00Z,IAWE_house_1,bldg_iawe_1,meter_iawe,air_conditioner_1,air_conditioner,1769.36,1410.42,good
2023-06-01T01:25:00Z,IAWE_house_2,bldg_iawe_2,meter_iawe,air_conditioner_2,air_conditioner,392.86,0.0,good
2023-06-01T01:26:00Z,IAWE_house_2,bldg_iawe_2,meter_iawe,air_conditioner_2,air_conditioner,2349.92,2082.07,good
2023-06-01T01:27:00Z,IAWE_house_1,bldg_iawe_1,meter_iawe,air_conditioner_1,air_conditioner,181.95,0.0,good
2023-06-01T01:28:00Z,IAWE_house_2,bldg_iawe_2,meter_iawe,fridge,fridge,106.4,5.0,good
2023-06-01T01:29:00Z,IAWE_house_1,bldg_iawe_1,meter_iawe,air_conditioner_1,air_conditioner,1593.36,1245.6,good
2023-06-01T01:30:00Z,IAWE_house_1,bldg_iawe_1,meter_iawe,other,other,462.21,334.07,good
2023-06-01T01:31:00Z,IAWE_house_2,bldg_iawe_2,meter_iawe,other,other,457.47,245.84,good
2023-06-01T01:32:00Z,IAWE_house_1,bldg_iawe_1,meter_iawe,other,other,660.92,448.88,good
2023-06-01T01:33:00Z,IAWE_house_2,bldg_iawe_2,meter_iawe,fridge,fridge,60.57,5.0,good
2023-06-01T01:34:00Z,IAWE_house_1,bldg_iawe_1,meter_iawe,other,other,938.77,670.63,good
2023-06-01T01:35:00Z,IAWE_house_2,bldg_iawe_2,meter_iawe,air_conditioner_1,air_conditioner,470.25,0.0,good
2023-06-01T01:36:00Z,IAWE_house_1,bldg_iawe_1,meter_iawe,air_conditioner_2,air_conditioner,411.56,0.0,good
2023-06-01T01:37:00Z,IAWE_house_1,bldg_iawe_1,meter_iawe,air_conditioner_2,air_conditioner,186.4,0.0,good
2023-06-01T01:38:00Z,IAWE_house_1,bldg_iawe_1,meter_iawe,other,other,429.62,279.57,good
2023-06-01T01:39:00Z,IAWE_house_1,bldg_iawe_1,meter_iawe,air_conditioner_2,air_conditioner,2556.67,2062.79,good
2023-06-01T01:40:00Z,IAWE_house_2,bldg_iawe_2,meter_iawe,fridge,fridge,215.3,123.29,good
2023-06-01T01:41:00Z,IAWE_house_2,bldg_iawe_2,meter_iawe,fridge,fridge,219.75,137.51,good
2023-06-01T01:42:00Z,IAWE_house_1,bldg_iawe_1,meter_iawe,fridge,fridge,257.86,111.85,good
2023-06-01T01:43:00Z,IAWE_house_2,bldg_iawe_2,meter_iawe,lighting,lighting,190.63,139.58,good
2023-06-01T01:44:00Z,IAWE_house_1,bldg_iawe_1,meter_iawe,air_conditioner_2,air_conditioner,2308.9,1894.77,good
2023-06-01T01:45:00Z,IAWE_house_2,bldg_iawe_2,meter_iawe,fridge,fridge,198.44,5.0,good
2023-06-01T01:46:00Z,IAWE_house_1,bldg_iawe_1,meter_iawe,lighting,lighting,301.43,86.12,good
2023-06-01T01:47:00Z,IAWE_house_2,bldg_iawe_2,meter_iawe,other,other,939.17,746.23,good
2023-06-01T01:48:00Z,IAWE_house_2,bldg_iawe_2,meter_iawe,air_conditioner_2,air_conditioner,1881.84,1693.31,good
2023-06-01T01:49:00Z,IAWE_house_2,bldg_iawe_2,meter_iawe,air_conditioner_1,air_conditioner,159.29,0.0,good
2023-06-01T01:50:00Z,IAWE_house_1,bldg_iawe_1,meter_iawe,other,other,562.22,358.79,good
2023-06-01T01:51:00Z,IAWE_house_1,bldg_iawe_1,meter_iawe,fridge,fridge,178.33,101.42,good
2023-06-01T01:52:00Z,IAWE_house_1,bldg_iawe_1,meter_iawe,other,other,990.72,751.1,good
2023-06-01T01:53:00Z,IAWE_house_2,bldg_iawe_2,meter_iawe,other,other,793.63,642.09,good
2023-06-01T01:54:00Z,IAWE_house_1,bldg_iawe_1,meter_iawe,air_conditioner_2,air_conditioner,272.47,0.0,good
2023-06-01T01:55:00Z,IAWE_house_2,bldg_iawe_2,meter_iawe,air_conditioner_2,air_conditioner,2148.05,1854.2,good
2023-06-01T01:56:00Z,IAWE_house_2,bldg_iawe_2,meter_iawe,air_conditioner_2,air_conditioner,2379.11,2041.47,good
2023-06-01T01:57:00Z,IAWE_house_1,bldg_iawe_1,meter_iawe,fridge,fridge,134.59,5.0,good
2023-06-01T01:58:00Z,IAWE_house_2,bldg_iawe_2,meter_iawe,fridge,fridge,291.09,96.5,good
2023-06-01T01:59:00Z,IAWE_house_1,bldg_iawe_1,meter_iawe,air_conditioner_2,air_conditioner,2022.01,1526.75,good
2023-06-01T02:00:00Z,IAWE_house_2,bldg_iawe_2,meter_iawe,other,other,861.68,507.39,good
2023-06-01T02:01:00Z,IAWE_house_1,bldg_iawe_1,meter_iawe,air_conditioner_1,air_conditioner,183.84,0.0,good
2023-06-01T02:02:00Z,IAWE_house_2,bldg_iawe_2,meter_iawe,air_conditioner_1,air_conditioner,463.3,0.0,good
2023-06-01T02:03:00Z,IAWE_house_2,bldg_iawe_2,meter_iawe,fridge,fridge,199.03,5.0,good
2023-06-01T02:04:00Z,IAWE_house_1,bldg_iawe_1,meter_iawe,other,other,717.22,329.87,good
2023-06-01T02:05:00Z,IAWE_house_2,bldg_iawe_2,meter_iawe,other,other,307.83,195.35,good
2023-06-01T02:06:00Z,IAWE_house_1,bldg_iawe_1,meter_iawe,fridge,fridge,194.54,5.0,good
2023-06-01T02:07:00Z,IAWE_house_1,bldg_iawe_1,meter_iawe,other,other,575.5,324.29,good
2023-06-01T02:08:00Z,IAWE_house_2,bldg_iawe_2,meter_iawe,lighting,lighting,334.23,54.57,good
2023-06-01T02:09:00Z,IAWE_house_2,bldg_iawe_2,meter_iawe,air_conditioner_1,air_conditioner,437.93,0.0,good
2023-06-01T02:10:00Z,IAWE_house_1,bldg_iawe_1,meter_iawe,other,other,271.76,145.73,good
2023-06-01T02:11:00Z,IAWE_house_2,bldg_iawe_2,meter_iawe,air_conditioner_1,air_conditioner,1676.01,1542.16,good
2023-06-01T02:12:00Z,IAWE_house_1,bldg_iawe_1,meter_iawe,air_conditioner_2,air_conditioner,1728.69,1597.63,good
2023-06-01T02:13:00Z,IAWE_house_2,bldg_iawe_2,meter_iawe,lighting,lighting,129.98,0.0,good
2023-06-01T02:14:00Z,IAWE_house_1,bldg_iawe_1,meter_iawe,lighting,lighting,243.68,81.82,good
2023-06-01T02:15:00Z,IAWE_house_1,bldg_iawe_1,meter_iawe,other,other,847.11,596.24,good
2023-06-01T02:16:00Z,IAWE_house_2,bldg_iawe_2,meter_iawe,air_conditioner_1,air_conditioner,1663.31,1504.18,good
2023-06-01T02:17:00Z,IAWE_house_2,bldg_iawe_2,meter_iawe,fridge,fridge,193.35,5.0,good
2023-06-01T02:18:00Z,IAWE_house_2,bldg_iawe_2,meter_iawe,air_conditioner_2,air_conditioner,2197.74,1809.23,good
2023-06-01T02:19:00Z,IAWE_house_1,bldg_iawe_1,meter_iawe,air_conditioner_2,air_conditioner,480.96,0.0,good
2023-06-01T02:20:00Z,IAWE_house_2,bldg_iawe_2,meter_iawe,air_conditioner_2,air_conditioner,1738.71,1344.02,good
2023-06-01T02:21:00Z,IAWE_house_2,bldg_iawe_2,meter_iawe,other,other,677.92,306.06,good
2023-06-01T02:22:00Z,IAWE_house_1,bldg_iawe_1,meter_iawe,other,other,1004.98,785.84,good
2023-06-01T02:23:00Z,IAWE_house_1,bldg_iawe_1,meter_iawe,fridge,fridge,278.8,111.24,good
2023-06-01T02:24:00Z,IAWE_house_2,bldg_iawe_2,meter_iawe,air_conditioner_2,air_conditioner,1893.66,1790.34,good
2023-06-01T02:25:00Z,IAWE_house_2,bldg_iawe_2,meter_iawe,fridge,fridge,232.79,94.79,good
2023-06-01T02:26:00Z,IAWE_house_2,bldg_iawe_2,meter_iawe,fridge,fridge,89.69,5.0,good
2023-06-01T02:27:00Z,IAWE_house_1,bldg_iawe_1,meter_iawe,air_conditioner_2,air_conditioner,2196.94,1867.26,good
2023-06-01T02:28:00Z,IAWE_house_2,bldg_iawe_2,meter_iawe,other,other,897.75,529.21,good
2023-06-01T02:29:00Z,IAWE_house_1,bldg_iawe_1,meter_iawe,lighting,lighting,160.68,105.31,good
2023-06-01T02:30:00Z,IAWE_house_2,bldg_iawe_2,meter_iawe,air_conditioner_2,air_conditioner,2328.42,2042.85,good
2023-06-01T02:31:00Z,IAWE_house_2,bldg_iawe_2,meter_iawe,fridge,fridge,149.44,5.0,good
2023-06-01T02:32:00Z,IAWE_house_1,bldg_iawe_1,meter_iawe,air_conditioner_2,air_conditioner,190.6,0.0,good
2023-06-01T02:33:00Z,IAWE_house_2,bldg_iawe_2,meter_iawe,lighting,lighting,97.79,0.0,good
2023-06-01T02:34:00Z,IAWE_house_1,bldg_iawe_1,meter_iawe,fridge,fridge,145.49,5.0,good
2023-06-01T02:35:00Z,IAWE_house_1,bldg_iawe_1,meter_iawe,other,other,851.69,606.92,good
2023-06-01T02:36:00Z,IAWE_house_2,bldg_iawe_2,meter_iawe,other,other,409.81,294.14,good
2023-06-01T02:37:00Z,IAWE_house_1,bldg_iawe_1,meter_iawe,air_conditioner_2,air_conditioner,364.35,0.0,good
2023-06-01T02:38:00Z,IAWE_house_2,bldg_iawe_2,meter_iawe,air_conditioner_2,air_conditioner,1527.2,1202.0,good
2023-06-01T02:39:00Z,IAWE_house_1,bldg_iawe_1,meter_iawe,fridge,fridge,235.5,149.31,good
2023-06-01T02:40:00Z,IAWE_house_2,bldg_iawe_2,meter_iawe,fridge,fridge,200.24,5.0,good
2023-06-01T02:41:00Z,IAWE_house_1,bldg_iawe_1,meter_iawe,air_conditioner_2,air_conditioner,2395.55,1999.84,good
2023-06-01T02:42:00Z,IAWE_house_2,bldg_iawe_2,meter_iawe,lighting,lighting,196.21,0.0,good
2023-06-01T02:43:00Z,IAWE_house_2,bldg_iawe_2,meter_iawe,other,other,733.89,544.18,good
2023-06-01T02:44:00Z,IAWE_house_2,bldg_iawe_2,meter_iawe,other,other,616.17,290.35,good
2023-06-01T02:45:00Z,IAWE_house_2,bldg_iawe_2,meter_iawe,fridge,fridge,194.04,85.9,good
2023-06-01T02:46:00Z,IAWE_house_1,bldg_iawe_1,meter_iawe,air_conditioner_2,air_conditioner,199.22,0.0,good
2023-06-01T02:47:00Z,IAWE_house_2,bldg_iawe_2,meter_iawe,other,other,882.84,716.71,good
2023-06-01T02:48:00Z,IAWE_house_1,bldg_iawe_1,meter_iawe,air_conditioner_2,air_conditioner,2165.74,1842.01,good
2023-06-01T02:49:00Z,IAWE_house_1,bldg_iawe_1,meter_iawe,air_conditioner_2,air_conditioner,1655.44,1422.61,good
2023-06-01T02:50:00Z,IAWE_house_2,bldg_iawe_2,meter_iawe,air_conditioner_2,air_conditioner,289.19,0.0,good
2023-06-01T02:51:00Z,IAWE_house_1,bldg_iawe_1,meter_iawe,lighting,lighting,125.93,58.56,good
2023-06-01T02:52:00Z,IAWE_house_2,bldg_iawe_2,meter_iawe,other,other,890.83,780.2,good
2023-06-01T02:53:00Z,IAWE_house_2,bldg_iawe_2,meter_iawe,air_conditioner_1,air_conditioner,1554.52,1259.13,good
2023-06-01T02:54:00Z,IAWE_house_2,bldg_iawe_2,meter_iawe,lighting,lighting,209.34,0.0,good
2023-06-01T02:55:00Z,IAWE_house_2,bldg_iawe_2,meter_iawe,lighting,lighting,104.91,46.37,good
2023-06-01T02:56:00Z,IAWE_house_1,bldg_iawe_1,meter_iawe,fridge,fridge,319.84,141.92,good
2023-06-01T02:57:00Z,IAWE_house_2,bldg_iawe_2,meter_iawe,lighting,lighting,285.04,83.53,good
2023-06-01T02:58:00Z,IAWE_house_2,bldg_iawe_2,meter_iawe,fridge,fridge,233.11,98.15,good
2023-06-01T02:59:00Z,IAWE_house_1,bldg_iawe_1,meter_iawe,fridge,fridge,249.64,82.48,good
2023-06-01T03:00:00Z,IAWE_house_2,bldg_iawe_2,meter_iawe,air_conditioner_1,air_conditioner,1647.56,1266.87,good
2023-06-01T03:01:00Z,IAWE_house_1,bldg_iawe_1,meter_iawe,fridge,fridge,266.4,121.74,good
2023-06-01T03:02:00Z,IAWE_house_2,bldg_iawe_2,meter_iawe,air_conditioner_2,air_conditioner,136.47,0.0,good
2023-06-01T03:03:00Z,IAWE_house_1,bldg_iawe_1,meter_iawe,lighting,lighting,195.04,0.0,good
2023-06-01T03:04:00Z,IAWE_house_2,bldg_iawe_2,meter_iawe,air_conditioner_2,air_conditioner,1481.68,1343.65,good
2023-06-01T03:05:00Z,IAWE_house_1,bldg_iawe_1,meter_iawe,air_conditioner_1,air_conditioner,412.06,0.0,good
2023-06-01T03:06:00Z,IAWE_house_2,bldg_iawe_2,meter_iawe,air_conditioner_2,air_conditioner,2301.14,1860.73,good
2023-06-01T03:07:00Z,IAWE_house_2,bldg_iawe_2,meter_iawe,other,other,975.15,791.05,good
2023-06-01T03:08:00Z,IAWE_house_2,bldg_iawe_2,meter_iawe,air_conditioner_2,air_conditioner,2277.6,2161.62,good
2023-06-01T03:09:00Z,IAWE_house_1,bldg_iawe_1,meter_iawe,lighting,lighting,214.05,0.0,good
2023-06-01T03:10:00Z,IAWE_house_2,bldg_iawe_2,meter_iawe,air_conditioner_2,air_conditioner,450.63,0.0,good
2023-06-01T03:11:00Z,IAWE_house_2,bldg_iawe_2,meter_iawe,air_conditioner_2,air_conditioner,158.65,0.0,good
2023-06-01T03:12:00Z,IAWE_house_2,bldg_iawe_2,meter_iawe,fridge,fridge,287.22,108.93,good
2023-06-01T03:13:00Z,IAWE_house_2,bldg_iawe_2,meter_iawe,fridge,fridge,133.98,5.0,good
2023-06-01T03:14:00Z,IAWE_house_1,bldg_iawe_1,meter_iawe,air_conditioner_1,air_conditioner,1530.43,1379.87,good
2023-06-01T03:15:00Z,IAWE_house_1,bldg_iawe_1,meter_iawe,air_conditioner_1,air_conditioner,1684.64,1209.65,good
2023-06-01T03:16:00Z,IAWE_house_1,bldg_iawe_1,meter_iawe,air_conditioner_1,air_conditioner,236.76,0.0,good
2023-06-01T03:17:00Z,IAWE_house_1,bldg_iawe_1,meter_iawe,air_conditioner_2,air_conditioner,2384.64,1973.06,good
2023-06-01T03:18:00Z,IAWE_house_1,bldg_iawe_1,meter_iawe,fridge,fridge,72.85,5.0,good
2023-06-01T03:19:00Z,IAWE_house_2,bldg_iawe_2,meter_iawe,air_conditioner_2,air_conditioner,373.06,0.0,good
2023-06-01T03:20:00Z,IAWE_house_1,bldg_iawe_1,meter_iawe,lighting,lighting,253.45,47.04,good
2023-06-01T03:21:00Z,IAWE_house_2,bldg_iawe_2,meter_iawe,lighting,lighting,306.18,128.46,good
2023-06-01T03:22:00Z,IAWE_house_1,bldg_iawe_1,meter_iawe,other,other,664.01,400.39,good
2023-06-01T03:23:00Z,IAWE_house_2,bldg_iawe_2,meter_iawe,air_conditioner_2,air_conditioner,452.99,0.0,good
2023-06-01T03:24:00Z,IAWE_house_2,bldg_iawe_2,meter_iawe,air_conditioner_1,air_conditioner,2141.93,1870.81,good
2023-06-01T03:25:00Z,IAWE_house_1,bldg_iawe_1,meter_iawe,fridge,fridge,123.12,5.0,good
2023-06-01T03:26:00Z,IAWE_house_2,bldg_iawe_2,meter_iawe,fridge,fridge,173.99,96.97,good
2023-06-01T03:27:00Z,IAWE_house_2,bldg_iawe_2,meter_iawe,air_conditioner_1,air_conditioner,2057.74,1858.96,good
2023-06-01T03:28:00Z,IAWE_house_2,bldg_iawe_2,meter_iawe,fridge,fridge,158.6,90.0,good
2023-06-01T03:29:00Z,IAWE_house_1,bldg_iawe_1,meter_iawe,air_conditioner_1,air_conditioner,2334.85,2183.11,good
2023-06-01T03:30:00Z,IAWE_house_1,bldg_iawe_1,meter_iawe,air_conditioner_2,air_conditioner,2159.21,1664.45,good
2023-06-01T03:31:00Z,IAWE_house_1,bldg_iawe_1,meter_iawe,air_conditioner_1,air_conditioner,2157.46,1795.41,good
2023-06-01T03:32:00Z,IAWE_house_1,bldg_iawe_1,meter_iawe,air_conditioner_2,air_conditioner,2402.17,2024.78,good
2023-06-01T03:33:00Z,IAWE_house_2,bldg_iawe_2,meter_iawe,air_conditioner_1,air_conditioner,2118.57,1671.89,good
2023-06-01T03:34:00Z,IAWE_house_2,bldg_iawe_2,meter_iawe,air_conditioner_1,air_conditioner,1999.19,1807.3,good
2023-06-01T03:35:00Z,IAWE_house_1,bldg_iawe_1,meter_iawe,fridge,fridge,116.36,5.0,good
2023-06-01T03:36:00Z,IAWE_house_2,bldg_iawe_2,meter_iawe,air_conditioner_2,air_conditioner,397.69,0.0,good
2023-06-01T03:37:00Z,IAWE_house_2,bldg_iawe_2,meter_iawe,air_conditioner_2,air_conditioner,2280.97,1892.37,good
2023-06-01T03:38:00Z,IAWE_house_2,bldg_iawe_2,meter_iawe,air_conditioner_1,air_conditioner,1577.03,1350.03,good
2023-06-01T03:39:00Z,IAWE_house_2,bldg_iawe_2,meter_iawe,air_conditioner_2,air_conditioner,489.37,0.0,good
2023-06-01T03:40:00Z,IAWE_house_1,bldg_iawe_1,meter_iawe,other,other,514.43,132.98,good
2023-06-01T03:41:00Z,IAWE_house_1,bldg_iawe_1,meter_iawe,fridge,fridge,255.26,130.3,good
2023-06-01T03:42:00Z,IAWE_house_1,bldg_iawe_1,meter_iawe,fridge,fridge,204.63,110.76,good
2023-06-01T03:43:00Z,IAWE_house_2,bldg_iawe_2,meter_iawe,lighting,lighting,191.85,0.0,good
2023-06-01T03:44:00Z,IAWE_house_1,bldg_iawe_1,meter_iawe,air_conditioner_2,air_conditioner,2019.21,1895.23,good
2023-06-01T03:45:00Z,IAWE_house_2,bldg_iawe_2,meter_iawe,lighting,lighting,357.21,90.3,good
2023-06-01T03:46:00Z,IAWE_house_1,bldg_iawe_1,meter_iawe,lighting,lighting,291.07,0.0,good
2023-06-01T03:47:00Z,IAWE_house_1,bldg_iawe_1,meter_iawe,air_conditioner_1,air_conditioner,1481.16,1335.01,good
2023-06-01T03:48:00Z,IAWE_house_2,bldg_iawe_2,meter_iawe,lighting,lighting,236.72,0.0,good
2023-06-01T03:49:00Z,IAWE_house_2,bldg_iawe_2,meter_iawe,lighting,lighting,321.17,87.02,good
2023-06-01T03:50:00Z,IAWE_house_1,bldg_iawe_1,meter_iawe,fridge,fridge,77.42,5.0,good
2023-06-01T03:51:00Z,IAWE_house_1,bldg_iawe_1,meter_iawe,other,other,339.02,126.5,good
2023-06-01T03:52:00Z,IAWE_house_1,bldg_iawe_1,meter_iawe,air_conditioner_2,air_conditioner,150.67,0.0,good
2023-06-01T03:53:00Z,IAWE_house_1,bldg_iawe_1,meter_iawe,lighting,lighting,184.53,104.82,good
2023-06-01T03:54:00Z,IAWE_house_2,bldg_iawe_2,meter_iawe,air_conditioner_2,air_conditioner,1986.61,1654.39,good
2023-06-01T03:55:00Z,IAWE_house_1,bldg_iawe_1,meter_iawe,air_conditioner_1,air_conditioner,224.94,0.0,good
2023-06-01T03:56:00Z,IAWE_house_1,bldg_iawe_1,meter_iawe,air_conditioner_2,air_conditioner,364.16,0.0,good
2023-06-01T03:57:00Z,IAWE_house_1,bldg_iawe_1,meter_iawe,air_conditioner_1,air_conditioner,2369.5,1956.67,good
2023-06-01T03:58:00Z,IAWE_house_1,bldg_iawe_1,meter_iawe,air_conditioner_2,air_conditioner,2178.77,2067.97,good
2023-06-01T03:59:00Z,IAWE_house_1,bldg_iawe_1,meter_iawe,fridge,fridge,142.45,5.0,good
2023-06-01T04:00:00Z,IAWE_house_2,bldg_iawe_2,meter_iawe,air_conditioner_2,air_conditioner,262.91,0.0,good
2023-06-01T04:01:00Z,IAWE_house_1,bldg_iawe_1,meter_iawe,fridge,fridge,108.38,5.0,good
2023-06-01T04:02:00Z,IAWE_house_2,bldg_iawe_2,meter_iawe,air_conditioner_2,air_conditioner,379.26,0.0,good
2023-06-01T04:03:00Z,IAWE_house_1,bldg_iawe_1,meter_iawe,fridge,fridge,278.66,136.13,good
2023-06-01T04:04:00Z,IAWE_house_2,bldg_iawe_2,meter_iawe,air_conditioner_2,air_conditioner,2185.2,1957.01,good
2023-06-01T04:05:00Z,IAWE_house_2,bldg_iawe_2,meter_iawe,lighting,lighting,207.56,44.91,good
2023-06-01T04:06:00Z,IAWE_house_2,bldg_iawe_2,meter_iawe,air_conditioner_2,air_conditioner,2205.04,1930.59,good
2023-06-01T04:07:00Z,IAWE_house_2,bldg_iawe_2,meter_iawe,other,other,632.63,491.6,good
2023-06-01T04:08:00Z,IAWE_house_1,bldg_iawe_1,meter_iawe,lighting,lighting,88.16,0.0,good
2023-06-01T04:09:00Z,IAWE_house_2,bldg_iawe_2,meter_iawe,air_conditioner_2,air_conditioner,402.59,0.0,good
2023-06-01T04:10:00Z,IAWE_house_1,bldg_iawe_1,meter_iawe,fridge,fridge,255.9,87.39,good
2023-06-01T04:11:00Z,IAWE_house_1,bldg_iawe_1,meter_iawe,other,other,865.44,590.88,good
2023-06-01T04:12:00Z,IAWE_house_1,bldg_iawe_1,meter_iawe,other,other,417.7,295.97,good
2023-06-01T04:13:00Z,IAWE_house_1,bldg_iawe_1,meter_iawe,lighting,lighting,235.35,0.0,good
2023-06-01T04:14:00Z,IAWE_house_1,bldg_iawe_1,meter_iawe,air_conditioner_1,air_conditioner,2200.25,1836.01,good
2023-06-01T04:15:00Z,IAWE_house_2,bldg_iawe_2,meter_iawe,other,other,915.95,722.01,good
2023-06-01T04:16:00Z,IAWE_house_2,bldg_iawe_2,meter_iawe,other,other,680.07,484.5,good
2023-06-01T04:17:00Z,IAWE_house_2,bldg_iawe_2,meter_iawe,air_conditioner_2,air_conditioner,1885.32,1518.7,good
2023-06-01T04:18:00Z,IAWE_house_2,bldg_iawe_2,meter_iawe,air_conditioner_2,air_conditioner,2049.16,1726.22,good
2023-06-01T04:19:00Z,IAWE_house_1,bldg_iawe_1,meter_iawe,lighting,lighting,335.23,51.85,good
2023-06-01T04:20:00Z,IAWE_house_1,bldg_iawe_1,meter_iawe,air_conditioner_1,air_conditioner,181.6,0.0,good
2023-06-01T04:21:00Z,IAWE_house_1,bldg_iawe_1,meter_iawe,other,other,1056.43,733.18,good
2023-06-01T04:22:00Z,IAWE_house_1,bldg_iawe_1,meter_iawe,lighting,lighting,127.03,46.58,good
2023-06-01T04:23:00Z,IAWE_house_1,bldg_iawe_1,meter_iawe,air_conditioner_1,air_conditioner,1850.78,1647.65,good
2023-06-01T04:24:00Z,IAWE_house_2,bldg_iawe_2,meter_iawe,fridge,fridge,216.86,104.74,good
2023-06-01T04:25:00Z,IAWE_house_2,bldg_iawe_2,meter_iawe,air_conditioner_1,air_conditioner,2096.5,1794.19,good
2023-06-01T04:26:00Z,IAWE_house_2,bldg_iawe_2,meter_iawe,other,other,730.08,397.5,good
2023-06-01T04:27:00Z,IAWE_house_1,bldg_iawe_1,meter_iawe,other,other,860.18,496.33,good
2023-06-01T04:28:00Z,IAWE_house_1,bldg_iawe_1,meter_iawe,lighting,lighting,334.5,98.47,good
2023-06-01T04:29:00Z,IAWE_house_1,bldg_iawe_1,meter_iawe,air_conditioner_1,air_conditioner,2112.67,1945.46,good
2023-06-01T04:30:00Z,IAWE_house_1,bldg_iawe_1,meter_iawe,air_conditioner_1,air_conditioner,1387.81,1287.6,good
2023-06-01T04:31:00Z,IAWE_house_2,bldg_iawe_2,meter_iawe,air_conditioner_1,air_conditioner,290.32,0.0,good
2023-06-01T04:32:00Z,IAWE_house_1,bldg_iawe_1,meter_iawe,other,other,732.9,509.37,good
2023-06-01T04:33:00Z,IAWE_house_1,bldg_iawe_1,meter_iawe,air_conditioner_2,air_conditioner,2336.26,2033.21,good
2023-06-01T04:34:00Z,IAWE_house_1,bldg_iawe_1,meter_iawe,fridge,fridge,259.8,123.29,good
2023-06-01T04:35:00Z,IAWE_house_2,bldg_iawe_2,meter_iawe,fridge,fridge,163.7,5.0,good
2023-06-01T04:36:00Z,IAWE_house_2,bldg_iawe_2,meter_iawe,air_conditioner_1,air_conditioner,2191.28,1992.03,good
2023-06-01T04:37:00Z,IAWE_house_2,bldg_iawe_2,meter_iawe,air_conditioner_1,air_conditioner,2378.34,1932.2,good
2023-06-01T04:38:00Z,IAWE_house_1,bldg_iawe_1,meter_iawe,fridge,fridge,202.01,146.61,good
2023-06-01T04:39:00Z,IAWE_house_1,bldg_iawe_1,meter_iawe,lighting,lighting,217.11,127.29,good
2023-06-01T04:40:00Z,IAWE_house_2,bldg_iawe_2,meter_iawe,air_conditioner_1,air_conditioner,353.65,0.0,good
2023-06-01T04:41:00Z,IAWE_house_2,bldg_iawe_2,meter_iawe,air_conditioner_2,air_conditioner,2249.82,1867.18,good
2023-06-01T04:42:00Z,IAWE_house_1,bldg_iawe_1,meter_iawe,lighting,lighting,110.38,49.73,good
2023-06-01T04:43:00Z,IAWE_house_1,bldg_iawe_1,meter_iawe,fridge,fridge,123.8,5.0,good
2023-06-01T04:44:00Z,IAWE_house_2,bldg_iawe_2,meter_iawe,air_conditioner_2,air_conditioner,2016.06,1896.35,good
2023-06-01T04:45:00Z,IAWE_house_1,bldg_iawe_1,meter_iawe,other,other,796.86,627.14,good
2023-06-01T04:46:00Z,IAWE_house_1,bldg_iawe_1,meter_iawe,lighting,lighting,201.3,143.79,good
2023-06-01T04:47:00Z,IAWE_house_2,bldg_iawe_2,meter_iawe,air_conditioner_2,air_conditioner,317.06,0.0,good
2023-06-01T04:48:00Z,IAWE_house_1,bldg_iawe_1,meter_iawe,air_conditioner_2,air_conditioner,2000.4,1592.47,good
2023-06-01T04:49:00Z,IAWE_house_2,bldg_iawe_2,meter_iawe,fridge,fridge,262.5,140.47,good
2023-06-01T04:50:00Z,IAWE_house_1,bldg_iawe_1,meter_iawe,air_conditioner_2,air_conditioner,388.31,0.0,good
2023-06-01T04:51:00Z,IAWE_house_1,bldg_iawe_1,meter_iawe,fridge,fridge,125.43,5.0,good
2023-06-01T04:52:00Z,IAWE_house_2,bldg_iawe_2,meter_iawe,air_conditioner_1,air_conditioner,1637.19,1301.97,good
2023-06-01T04:53:00Z,IAWE_house_2,bldg_iawe_2,meter_iawe,air_conditioner_1,air_conditioner,2042.93,1868.44,good
2023-06-01T04:54:00Z,IAWE_house_2,bldg_iawe_2,meter_iawe,other,other,855.62,672.38,good
2023-06-01T04:55:00Z,IAWE_house_1,bldg_iawe_1,meter_iawe,other,other,1083.53,789.3,good
2023-06-01T04:56:00Z,IAWE_house_2,bldg_iawe_2,meter_iawe,air_conditioner_2,air_conditioner,402.01,0.0,good
2023-06-01T04:57:00Z,IAWE_house_2,bldg_iawe_2,meter_iawe,air_conditioner_1,air_conditioner,2425.76,2163.14,good
2023-06-01T04:58:00Z,IAWE_house_2,bldg_iawe_2,meter_iawe,air_conditioner_1,air_conditioner,1510.04,1394.26,good
2023-06-01T04:59:00Z,IAWE_house_2,bldg_iawe_2,meter_iawe,other,other,285.48,128.57,good
2023-06-01T05:00:00Z,IAWE_house_1,bldg_iawe_1,meter_iawe,lighting,lighting,294.68,0.0,good
2023-06-01T05:01:00Z,IAWE_house_2,bldg_iawe_2,meter_iawe,air_conditioner_1,air_conditioner,2006.4,1527.24,good
2023-06-01T05:02:00Z,IAWE_house_1,bldg_iawe_1,meter_iawe,fridge,fridge,67.21,5.0,good
2023-06-01T05:03:00Z,IAWE_house_2,bldg_iawe_2,meter_iawe,air_conditioner_1,air_conditioner,1808.96,1378.17,good
2023-06-01T05:04:00Z,IAWE_house_2,bldg_iawe_2,meter_iawe,air_conditioner_1,air_conditioner,1315.2,1211.92,good
2023-06-01T05:05:00Z,IAWE_house_2,bldg_iawe_2,meter_iawe,other,other,921.77,757.61,good
2023-06-01T05:06:00Z,IAWE_house_1,bldg_iawe_1,meter_iawe,air_conditioner_1,air_conditioner,2289.92,2092.89,good
2023-06-01T05:07:00Z,IAWE_house_2,bldg_iawe_2,meter_iawe,air_conditioner_1,air_conditioner,2125.51,1822.68,good
2023-06-01T05:08:00Z,IAWE_house_1,bldg_iawe_1,meter_iawe,air_conditioner_2,air_conditioner,1703.1,1302.89,good
2023-06-01T05:09:00Z,IAWE_house_2,bldg_iawe_2,meter_iawe,other,other,650.17,344.22,good
2023-06-01T05:10:00Z,IAWE_house_2,bldg_iawe_2,meter_iawe,other,other,606.71,445.75,good
2023-06-01T05:11:00Z,IAWE_house_1,bldg_iawe_1,meter_iawe,air_conditioner_1,air_conditioner,1805.28,1510.89,good
2023-06-01T05:12:00Z,IAWE_house_1,bldg_iawe_1,meter_iawe,fridge,fridge,171.65,112.78,good
2023-06-01T05:13:00Z,IAWE_house_1,bldg_iawe_1,meter_iawe,lighting,lighting,175.89,112.37,good
2023-06-01T05:14:00Z,IAWE_house_1,bldg_iawe_1,meter_iawe,air_conditioner_1,air_conditioner,1693.2,1272.12,good
2023-06-01T05:15:00Z,IAWE_house_2,bldg_iawe_2,meter_iawe,air_conditioner_1,air_conditioner,1777.98,1636.19,good
2023-06-01T05:16:00Z,IAWE_house_1,bldg_iawe_1,meter_iawe,lighting,lighting,397.65,98.84,good
2023-06-01T05:17:00Z,IAWE_house_2,bldg_iawe_2,meter_iawe,air_conditioner_1,air_conditioner,119.35,0.0,good
2023-06-01T05:18:00Z,IAWE_house_2,bldg_iawe_2,meter_iawe,air_conditioner_2,air_conditioner,1580.85,1449.02,good
2023-06-01T05:19:00Z,IAWE_house_2,bldg_iawe_2,meter_iawe,air_conditioner_1,air_conditioner,2102.46,1844.29,good
2023-06-01T05:20:00Z,IAWE_house_1,bldg_iawe_1,meter_iawe,lighting,lighting,237.1,68.72,good
2023-06-01T05:21:00Z,IAWE_house_2,bldg_iawe_2,meter_iawe,air_conditioner_2,air_conditioner,1973.96,1750.91,good
2023-06-01T05:22:00Z,IAWE_house_2,bldg_iawe_2,meter_iawe,fridge,fridge,128.88,5.0,good
2023-06-01T05:23:00Z,IAWE_house_1,bldg_iawe_1,meter_iawe,air_conditioner_2,air_conditioner,1725.23,1523.51,good
2023-06-01T05:24:00Z,IAWE_house_1,bldg_iawe_1,meter_iawe,other,other,697.01,491.14,good
2023-06-01T05:25:00Z,IAWE_house_1,bldg_iawe_1,meter_iawe,air_conditioner_1,air_conditioner,1678.48,1332.22,good
2023-06-01T05:26:00Z,IAWE_house_2,bldg_iawe_2,meter_iawe,lighting,lighting,296.6,106.84,good
2023-06-01T05:27:00Z,IAWE_house_2,bldg_iawe_2,meter_iawe,other,other,927.21,535.16,good
2023-06-01T05:28:00Z,IAWE_house_2,bldg_iawe_2,meter_iawe,other,other,670.2,411.03,good
2023-06-01T05:29:00Z,IAWE_house_2,bldg_iawe_2,meter_iawe,fridge,fridge,267.85,84.54,good
2023-06-01T05:30:00Z,IAWE_house_2,bldg_iawe_2,meter_iawe,air_conditioner_1,air_conditioner,321.38,0.0,good
2023-06-01T05:31:00Z,IAWE_house_2,bldg_iawe_2,meter_iawe,other,other,686.22,312.61,good
2023-06-01T05:32:00Z,IAWE_house_2,bldg_iawe_2,meter_iawe,fridge,fridge,277.9,106.82,good
2023-06-01T05:33:00Z,IAWE_house_2,bldg_iawe_2,meter_iawe,air_conditioner_1,air_conditioner,1553.99,1273.82,good
2023-06-01T05:34:00Z,IAWE_house_1,bldg_iawe_1,meter_iawe,air_conditioner_2,air_conditioner,169.26,0.0,good
2023-06-01T05:35:00Z,IAWE_house_2,bldg_iawe_2,meter_iawe,air_conditioner_2,air_conditioner,1897.56,1639.78,good
2023-06-01T05:36:00Z,IAWE_house_1,bldg_iawe_1,meter_iawe,air_conditioner_2,air_conditioner,1987.19,1558.97,good
2023-06-01T05:37:00Z,IAWE_house_1,bldg_iawe_1,meter_iawe,other,other,776.01,549.9,good
2023-06-01T05:38:00Z,IAWE_house_1,bldg_iawe_1,meter_iawe,air_conditioner_2,air_conditioner,1865.94,1697.42,good
2023-06-01T05:39:00Z,IAWE_house_1,bldg_iawe_1,meter_iawe,air_conditioner_1,air_conditioner,1787.2,1587.25,good
2023-06-01T05:40:00Z,IAWE_house_2,bldg_iawe_2,meter_iawe,other,other,740.23,541.98,good
2023-06-01T05:41:00Z,IAWE_house_1,bldg_iawe_1,meter_iawe,air_conditioner_1,air_conditioner,333.06,0.0,good
2023-06-01T05:42:00Z,IAWE_house_2,bldg_iawe_2,meter_iawe,air_conditioner_1,air_conditioner,1972.4,1844.44,good
2023-06-01T05:43:00Z,IAWE_house_2,bldg_iawe_2,meter_iawe,air_conditioner_2,air_conditioner,347.08,0.0,good
2023-06-01T05:44:00Z,IAWE_house_2,bldg_iawe_2,meter_iawe,fridge,fridge,197.03,101.42,good
2023-06-01T05:45:00Z,IAWE_house_2,bldg_iawe_2,meter_iawe,other,other,1008.41,737.71,good
2023-06-01T05:46:00Z,IAWE_house_1,bldg_iawe_1,meter_iawe,other,other,1005.06,654.63,good
2023-06-01T05:47:00Z,IAWE_house_2,bldg_iawe_2,meter_iawe,air_conditioner_1,air_conditioner,203.9,0.0,good
2023-06-01T05:48:00Z,IAWE_house_1,bldg_iawe_1,meter_iawe,other,other,734.71,609.48,good
2023-06-01T05:49:00Z,IAWE_house_1,bldg_iawe_1,meter_iawe,air_conditioner_2,air_conditioner,2054.11,1722.96,good
2023-06-01T05:50:00Z,IAWE_house_2,bldg_iawe_2,meter_iawe,fridge,fridge,145.56,93.08,good
2023-06-01T05:51:00Z,IAWE_house_1,bldg_iawe_1,meter_iawe,fridge,fridge,120.81,5.0,good
2023-06-01T05:52:00Z,IAWE_house_2,bldg_iawe_2,meter_iawe,fridge,fridge,287.47,131.93,good
2023-06-01T05:53:00Z,IAWE_house_2,bldg_iawe_2,meter_iawe,other,other,901.89,686.35,good
2023-06-01T05:54:00Z,IAWE_house_1,bldg_iawe_1,meter_iawe,other,other,869.96,707.21,good
2023-06-01T05:55:00Z,IAWE_house_1,bldg_iawe_1,meter_iawe,lighting,lighting,267.1,0.0,good
2023-06-01T05:56:00Z,IAWE_house_2,bldg_iawe_2,meter_iawe,other,other,968.24,730.84,good
2023-06-01T05:57:00Z,IAWE_house_1,bldg_iawe_1,meter_iawe,fridge,fridge,121.57,5.0,good
2023-06-01T05:58:00Z,IAWE_house_2,bldg_iawe_2,meter_iawe,air_conditioner_2,air_conditioner,2041.95,1575.55,good
2023-06-01T05:59:00Z,IAWE_house_1,bldg_iawe_1,meter_iawe,air_conditioner_1,air_conditioner,1838.05,1548.72,good
2023-06-01T06:00:00Z,IAWE_house_2,bldg_iawe_2,meter_iawe,air_conditioner_2,air_conditioner,243.38,0.0,good
2023-06-01T06:01:00Z,IAWE_house_2,bldg_iawe_2,meter_iawe,other,other,975.05,721.05,good
2023-06-01T06:02:00Z,IAWE_house_1,bldg_iawe_1,meter_iawe,air_conditioner_1,air_conditioner,466.61,0.0,good
2023-06-01T06:03:00Z,IAWE_house_2,bldg_iawe_2,meter_iawe,air_conditioner_1,air_conditioner,293.49,0.0,good
2023-06-01T06:04:00Z,IAWE_house_2,bldg_iawe_2,meter_iawe,other,other,696.57,576.43,good
2023-06-01T06:05:00Z,IAWE_house_2,bldg_iawe_2,meter_iawe,air_conditioner_1,air_conditioner,317.9,0.0,good
2023-06-01T06:06:00Z,IAWE_house_2,bldg_iawe_2,meter_iawe,air_conditioner_1,air_conditioner,1784.67,1617.15,good
2023-06-01T06:07:00Z,IAWE_house_1,bldg_iawe_1,meter_iawe,air_conditioner_2,air_conditioner,2252.57,2146.59,good
2023-06-01T06:08:00Z,IAWE_house_1,bldg_iawe_1,meter_iawe,air_conditioner_2,air_conditioner,1808.85,1414.73,good
2023-06-01T06:09:00Z,IAWE_house_2,bldg_iawe_2,meter_iawe,lighting,lighting,380.39,135.15,good
2023-06-01T06:10:00Z,IAWE_house_2,bldg_iawe_2,meter_iawe,fridge,fridge,223.01,146.98,good
2023-06-01T06:11:00Z,IAWE_house_2,bldg_iawe_2,meter_iawe,other,other,995.34,694.89,good
2023-06-01T06:12:00Z,IAWE_house_1,bldg_iawe_1,meter_iawe,air_conditioner_1,air_conditioner,426.24,0.0,good
2023-06-01T06:13:00Z,IAWE_house_2,bldg_iawe_2,meter_iawe,air_conditioner_1,air_conditioner,1604.81,1351.6,good
2023-06-01T06:14:00Z,IAWE_house_1,bldg_iawe_1,meter_iawe,fridge,fridge,198.98,5.0,good
2023-06-01T06:15:00Z,IAWE_house_1,bldg_iawe_1,meter_iawe,lighting,lighting,153.4,0.0,good
2023-06-01T06:16:00Z,IAWE_house_1,bldg_iawe_1,meter_iawe,air_conditioner_1,air_conditioner,413.1,0.0,good
2023-06-01T06:17:00Z,IAWE_house_2,bldg_iawe_2,meter_iawe,fridge,fridge,278.3,80.09,good
2023-06-01T06:18:00Z,IAWE_house_2,bldg_iawe_2,meter_iawe,fridge,fridge,78.83,5.0,good
2023-06-01T06:19:00Z,IAWE_house_2,bldg_iawe_2,meter_iawe,other,other,774.69,645.3,good
2023-06-01T06:20:00Z,IAWE_house_2,bldg_iawe_2,meter_iawe,lighting,lighting,395.61,126.76,good
2023-06-01T06:21:00Z,IAWE_house_1,bldg_iawe_1,meter_iawe,other,other,918.96,762.53,good
2023-06-01T06:22:00Z,IAWE_house_1,bldg_iawe_1,meter_iawe,air_conditioner_1,air_conditioner,2282.18,2142.32,good
2023-06-01T06:23:00Z,IAWE_house_1,bldg_iawe_1,meter_iawe,air_conditioner_1,air_conditioner,2031.61,1622.72,good
2023-06-01T06:24:00Z,IAWE_house_2,bldg_iawe_2,meter_iawe,air_conditioner_2,air_conditioner,485.62,0.0,good
2023-06-01T06:25:00Z,IAWE_house_1,bldg_iawe_1,meter_iawe,fridge,fridge,293.03,138.32,good
2023-06-01T06:26:00Z,IAWE_house_2,bldg_iawe_2,meter_iawe,air_conditioner_1,air_conditioner,2210.81,1987.99,good
2023-06-01T06:27:00Z,IAWE_house_2,bldg_iawe_2,meter_iawe,air_conditioner_2,air_conditioner,1854.06,1387.54,good
2023-06-01T06:28:00Z,IAWE_house_1,bldg_iawe_1,meter_iawe,other,other,575.29,277.55,good
2023-06-01T06:29:00Z,IAWE_house_2,bldg_iawe_2,meter_iawe,air_conditioner_1,air_conditioner,380.81,0.0,good
2023-06-01T06:30:00Z,IAWE_house_2,bldg_iawe_2,meter_iawe,fridge,fridge,68.13,5.0,good
2023-06-01T06:31:00Z,IAWE_house_2,bldg_iawe_2,meter_iawe,air_conditioner_1,air_conditioner,2274.6,1911.22,good
2023-06-01T06:32:00Z,IAWE_house_2,bldg_iawe_2,meter_iawe,air_conditioner_1,air_conditioner,2045.31,1722.2,good
2023-06-01T06:33:00Z,IAWE_house_2,bldg_iawe_2,meter_iawe,air_conditioner_1,air_conditioner,2181.41,1881.38,good
2023-06-01T06:34:00Z,IAWE_house_1,bldg_iawe_1,meter_iawe,other,other,784.28,509.77,good
2023-06-01T06:35:00Z,IAWE_house_1,bldg_iawe_1,meter_iawe,air_conditioner_1,air_conditioner,1846.05,1573.97,good
2023-06-01T06:36:00Z,IAWE_house_1,bldg_iawe_1,meter_iawe,fridge,fridge,100.79,5.0,good
2023-06-01T06:37:00Z,IAWE_house_2,bldg_iawe_2,meter_iawe,fridge,fridge,155.82,5.0,good
2023-06-01T06:38:00Z,IAWE_house_2,bldg_iawe_2,meter_iawe,air_conditioner_1,air_conditioner,1621.2,1314.93,good
2023-06-01T06:39:00Z,IAWE_house_2,bldg_iawe_2,meter_iawe,fridge,fridge,278.3,90.63,good
2023-06-01T06:40:00Z,IAWE_house_1,bldg_iawe_1,meter_iawe,air_conditioner_1,air_conditioner,2496.37,2044.6,good
2023-06-01T06:41:00Z,IAWE_house_1,bldg_iawe_1,meter_iawe,air_conditioner_1,air_conditioner,2252.99,2130.27,good
2023-06-01T06:42:00Z,IAWE_house_2,bldg_iawe_2,meter_iawe,air_conditioner_2,air_conditioner,2244.76,2043.93,good
2023-06-01T06:43:00Z,IAWE_house_2,bldg_iawe_2,meter_iawe,air_conditioner_2,air_conditioner,2323.95,1960.09,good
2023-06-01T06:44:00Z,IAWE_house_1,bldg_iawe_1,meter_iawe,air_conditioner_2,air_conditioner,1737.43,1387.27,good
2023-06-01T06:45:00Z,IAWE_house_1,bldg_iawe_1,meter_iawe,air_conditioner_1,air_conditioner,2201.52,1857.51,good
2023-06-01T06:46:00Z,IAWE_house_2,bldg_iawe_2,meter_iawe,lighting,lighting,175.01,0.0,good
2023-06-01T06:47:00Z,IAWE_house_2,bldg_iawe_2,meter_iawe,other,other,719.58,453.74,good
2023-06-01T06:48:00Z,IAWE_house_2,bldg_iawe_2,meter_iawe,other,other,962.29,675.67,good
2023-06-01T06:49:00Z,IAWE_house_1,bldg_iawe_1,meter_iawe,air_conditioner_2,air_conditioner,1807.58,1310.5,good
2023-06-01T06:50:00Z,IAWE_house_1,bldg_iawe_1,meter_iawe,lighting,lighting,276.25,0.0,good
2023-06-01T06:51:00Z,IAWE_house_2,bldg_iawe_2,meter_iawe,air_conditioner_1,air_conditioner,290.4,0.0,good
2023-06-01T06:52:00Z,IAWE_house_1,bldg_iawe_1,meter_iawe,other,other,755.83,492.18,good
2023-06-01T06:53:00Z,IAWE_house_1,bldg_iawe_1,meter_iawe,fridge,fridge,214.94,94.53,good
2023-06-01T06:54:00Z,IAWE_house_2,bldg_iawe_2,meter_iawe,fridge,fridge,82.98,5.0,good
2023-06-01T06:55:00Z,IAWE_house_1,bldg_iawe_1,meter_iawe,other,other,806.84,647.97,good
2023-06-01T06:56:00Z,IAWE_house_1,bldg_iawe_1,meter_iawe,lighting,lighting,213.29,0.0,good
2023-06-01T06:57:00Z,IAWE_house_1,bldg_iawe_1,meter_iawe,fridge,fridge,281.31,105.12,good
2023-06-01T06:58:00Z,IAWE_house_2,bldg_iawe_2,meter_iawe,air_conditioner_1,air_conditioner,1926.22,1761.19,good
2023-06-01T06:59:00Z,IAWE_house_1,bldg_iawe_1,meter_iawe,fridge,fridge,131.83,5.0,good
2023-06-01T07:00:00Z,IAWE_house_1,bldg_iawe_1,meter_iawe,air_conditioner_1,air_conditioner,2239.55,1758.9,good
2023-06-01T07:01:00Z,IAWE_house_1,bldg_iawe_1,meter_iawe,other,other,730.69,628.41,good
2023-06-01T07:02:00Z,IAWE_house_1,bldg_iawe_1,meter_iawe,lighting,lighting,323.17,136.11,good
2023-06-01T07:03:00Z,IAWE_house_2,bldg_iawe_2,meter_iawe,air_conditioner_1,air_conditioner,1923.89,1433.94,good
2023-06-01T07:04:00Z,IAWE_house_1,bldg_iawe_1,meter_iawe,air_conditioner_2,air_conditioner,1746.85,1325.35,good
2023-06-01T07:05:00Z,IAWE_house_2,bldg_iawe_2,meter_iawe,air_conditioner_2,air_conditioner,1480.44,1219.38,good
2023-06-01T07:06:00Z,IAWE_house_2,bldg_iawe_2,meter_iawe,other,other,386.0,112.51,good
2023-06-01T07:07:00Z,IAWE_house_1,bldg_iawe_1,meter_iawe,air_conditioner_1,air_conditioner,351.86,0.0,good
2023-06-01T07:08:00Z,IAWE_house_1,bldg_iawe_1,meter_iawe,air_conditioner_2,air_conditioner,1742.97,1450.27,good
2023-06-01T07:09:00Z,IAWE_house_1,bldg_iawe_1,meter_iawe,air_conditioner_2,air_conditioner,1912.34,1598.69,good
2023-06-01T07:10:00Z,IAWE_house_2,bldg_iawe_2,meter_iawe,other,other,394.66,146.76,good
2023-06-01T07:11:00Z,IAWE_house_2,bldg_iawe_2,meter_iawe,other,other,987.81,639.9,good
2023-06-01T07:12:00Z,IAWE_house_1,bldg_iawe_1,meter_iawe,fridge,fridge,264.93,127.27,good
2023-06-01T07:13:00Z,IAWE_house_2,bldg_iawe_2,meter_iawe,fridge,fridge,150.21,5.0,good
2023-06-01T07:14:00Z,IAWE_house_2,bldg_iawe_2,meter_iawe,air_conditioner_1,air_conditioner,118.25,0.0,good
2023-06-01T07:15:00Z,IAWE_house_1,bldg_iawe_1,meter_iawe,fridge,fridge,214.3,81.27,good
2023-06-01T07:16:00Z,IAWE_house_1,bldg_iawe_1,meter_iawe,air_conditioner_2,air_conditioner,2083.6,1767.27,good
2023-06-01T07:17:00Z,IAWE_house_1,bldg_iawe_1,meter_iawe,air_conditioner_2,air_conditioner,487.31,0.0,good
2023-06-01T07:18:00Z,IAWE_house_1,bldg_iawe_1,meter_iawe,air_conditioner_2,air_conditioner,1488.38,1379.06,good
2023-06-01T07:19:00Z,IAWE_house_2,bldg_iawe_2,meter_iawe,air_conditioner_1,air_conditioner,2326.0,2130.39,good
2023-06-01T07:20:00Z,IAWE_house_2,bldg_iawe_2,meter_iawe,air_conditioner_2,air_conditioner,415.54,0.0,good
2023-06-01T07:21:00Z,IAWE_house_1,bldg_iawe_1,meter_iawe,other,other,827.09,513.11,good
2023-06-01T07:22:00Z,IAWE_house_2,bldg_iawe_2,meter_iawe,air_conditioner_1,air_conditioner,1542.75,1372.63,good
2023-06-01T07:23:00Z,IAWE_house_1,bldg_iawe_1,meter_iawe,other,other,617.47,229.94,good
2023-06-01T07:24:00Z,IAWE_house_2,bldg_iawe_2,meter_iawe,air_conditioner_1,air_conditioner,1881.14,1701.87,good
2023-06-01T07:25:00Z,IAWE_house_1,bldg_iawe_1,meter_iawe,other,other,594.97,294.01,good
2023-06-01T07:26:00Z,IAWE_house_2,bldg_iawe_2,meter_iawe,fridge,fridge,200.53,125.91,good
2023-06-01T07:27:00Z,IAWE_house_2,bldg_iawe_2,meter_iawe,fridge,fridge,295.7,142.75,good
2023-06-01T07:28:00Z,IAWE_house_1,bldg_iawe_1,meter_iawe,air_conditioner_1,air_conditioner,1524.57,1273.61,good
2023-06-01T07:29:00Z,IAWE_house_1,bldg_iawe_1,meter_iawe,air_conditioner_2,air_conditioner,2557.24,2152.34,good
2023-06-01T07:30:00Z,IAWE_house_2,bldg_iawe_2,meter_iawe,fridge,fridge,163.76,5.0,good
2023-06-01T07:31:00Z,IAWE_house_1,bldg_iawe_1,meter_iawe,air_conditioner_2,air_conditioner,270.31,0.0,good
2023-06-01T07:32:00Z,IAWE_house_1,bldg_iawe_1,meter_iawe,fridge,fridge,157.74,91.61,good
2023-06-01T07:33:00Z,IAWE_house_2,bldg_iawe_2,meter_iawe,fridge,fridge,160.45,97.13,good
2023-06-01T07:34:00Z,IAWE_house_2,bldg_iawe_2,meter_iawe,air_conditioner_2,air_conditioner,451.34,0.0,good
2023-06-01T07:35:00Z,IAWE_house_2,bldg_iawe_2,meter_iawe,fridge,fridge,99.95,5.0,good
2023-06-01T07:36:00Z,IAWE_house_1,bldg_iawe_1,meter_iawe,air_conditioner_2,air_conditioner,1727.83,1554.28,good
2023-06-01T07:37:00Z,IAWE_house_2,bldg_iawe_2,meter_iawe,lighting,lighting,204.51,124.91,good
2023-06-01T07:38:00Z,IAWE_house_2,bldg_iawe_2,meter_iawe,air_conditioner_1,air_conditioner,468.16,0.0,good
2023-06-01T07:39:00Z,IAWE_house_2,bldg_iawe_2,meter_iawe,fridge,fridge,213.52,108.45,good
2023-06-01T07:40:00Z,IAWE_house_2,bldg_iawe_2,meter_iawe,air_conditioner_2,air_conditioner,2242.95,1743.05,good
2023-06-01T07:41:00Z,IAWE_house_1,bldg_iawe_1,meter_iawe,air_conditioner_2,air_conditioner,350.63,0.0,good
2023-06-01T07:42:00Z,IAWE_house_1,bldg_iawe_1,meter_iawe,air_conditioner_2,air_conditioner,305.24,0.0,good
2023-06-01T07:43:00Z,IAWE_house_1,bldg_iawe_1,meter_iawe,fridge,fridge,167.57,5.0,good
2023-06-01T07:44:00Z,IAWE_house_1,bldg_iawe_1,meter_iawe,air_conditioner_2,air_conditioner,1635.0,1473.11,good
2023-06-01T07:45:00Z,IAWE_house_2,bldg_iawe_2,meter_iawe,fridge,fridge,251.49,138.1,good
2023-06-01T07:46:00Z,IAWE_house_2,bldg_iawe_2,meter_iawe,fridge,fridge,207.36,140.79,good
2023-06-01T07:47:00Z,IAWE_house_2,bldg_iawe_2,meter_iawe,lighting,lighting,129.45,59.21,good
2023-06-01T07:48:00Z,IAWE_house_2,bldg_iawe_2,meter_iawe,air_conditioner_2,air_conditioner,1839.53,1468.37,good
2023-06-01T07:49:00Z,IAWE_house_2,bldg_iawe_2,meter_iawe,fridge,fridge,168.6,91.72,good
2023-06-01T07:50:00Z,IAWE_house_1,bldg_iawe_1,meter_iawe,air_conditioner_2,air_conditioner,2304.41,2005.33,good
2023-06-01T07:51:00Z,IAWE_house_2,bldg_iawe_2,meter_iawe,air_conditioner_1,air_conditioner,2298.42,1926.33,good
2023-06-01T07:52:00Z,IAWE_house_2,bldg_iawe_2,meter_iawe,lighting,lighting,268.13,0.0,good
2023-06-01T07:53:00Z,IAWE_house_2,bldg_iawe_2,meter_iawe,other,other,304.81,169.84,good
2023-06-01T07:54:00Z,IAWE_house_1,bldg_iawe_1,meter_iawe,air_conditioner_2,air_conditioner,1831.65,1423.23,good
2023-06-01T07:55:00Z,IAWE_house_2,bldg_iawe_2,meter_iawe,fridge,fridge,148.64,5.0,good
2023-06-01T07:56:00Z,IAWE_house_1,bldg_iawe_1,meter_iawe,air_conditioner_2,air_conditioner,403.87,0.0,good
2023-06-01T07:57:00Z,IAWE_house_1,bldg_iawe_1,meter_iawe,fridge,fridge,190.72,127.28,good
2023-06-01T07:58:00Z,IAWE_house_2,bldg_iawe_2,meter_iawe,air_conditioner_1,air_conditioner,1917.68,1562.2,good
2023-06-01T07:59:00Z,IAWE_house_2,bldg_iawe_2,meter_iawe,fridge,fridge,121.4,5.0,good
2023-06-01T08:00:00Z,IAWE_house_1,bldg_iawe_1,meter_iawe,other,other,719.93,547.04,good
2023-06-01T08:01:00Z,IAWE_house_1,bldg_iawe_1,meter_iawe,air_conditioner_1,air_conditioner,2088.07,1893.79,good
2023-06-01T08:02:00Z,IAWE_house_2,bldg_iawe_2,meter_iawe,other,other,449.71,147.52,good
2023-06-01T08:03:00Z,IAWE_house_2,bldg_iawe_2,meter_iawe,air_conditioner_2,air_conditioner,1898.52,1596.16,good
2023-06-01T08:04:00Z,IAWE_house_1,bldg_iawe_1,meter_iawe,air_conditioner_2,air_conditioner,1401.76,1274.99,good
2023-06-01T08:05:00Z,IAWE_house_2,bldg_iawe_2,meter_iawe,air_conditioner_2,air_conditioner,2425.71,2016.78,good
2023-06-01T08:06:00Z,IAWE_house_2,bldg_iawe_2,meter_iawe,air_conditioner_1,air_conditioner,226.88,0.0,good
2023-06-01T08:07:00Z,IAWE_house_1,bldg_iawe_1,meter_iawe,air_conditioner_1,air_conditioner,2485.2,2075.29,good
2023-06-01T08:08:00Z,IAWE_house_2,bldg_iawe_2,meter_iawe,lighting,lighting,246.33,0.0,good
2023-06-01T08:09:00Z,IAWE_house_1,bldg_iawe_1,meter_iawe,other,other,884.1,521.14,good
2023-06-01T08:10:00Z,IAWE_house_1,bldg_iawe_1,meter_iawe,other,other,384.08,193.78,good
2023-06-01T08:11:00Z,IAWE_house_2,bldg_iawe_2,meter_iawe,fridge,fridge,174.0,5.0,good
2023-06-01T08:12:00Z,IAWE_house_1,bldg_iawe_1,meter_iawe,lighting,lighting,259.82,0.0,good
2023-06-01T08:13:00Z,IAWE_house_2,bldg_iawe_2,meter_iawe,air_conditioner_1,air_conditioner,1886.04,1631.76,good
2023-06-01T08:14:00Z,IAWE_house_2,bldg_iawe_2,meter_iawe,air_conditioner_2,air_conditioner,2111.43,1829.25,good
2023-06-01T08:15:00Z,IAWE_house_1,bldg_iawe_1,meter_iawe,air_conditioner_1,air_conditioner,437.26,0.0,good
2023-06-01T08:16:00Z,IAWE_house_1,bldg_iawe_1,meter_iawe,air_conditioner_2,air_conditioner,297.08,0.0,good
2023-06-01T08:17:00Z,IAWE_house_2,bldg_iawe_2,meter_iawe,fridge,fridge,238.93,91.91,good
2023-06-01T08:18:00Z,IAWE_house_2,bldg_iawe_2,meter_iawe,other,other,565.04,203.58,good
2023-06-01T08:19:00Z,IAWE_house_2,bldg_iawe_2,meter_iawe,air_conditioner_1,air_conditioner,194.65,0.0,good
2023-06-01T08:20:00Z,IAWE_house_1,bldg_iawe_1,meter_iawe,lighting,lighting,413.57,133.66,good
2023-06-01T08:21:00Z,IAWE_house_2,bldg_iawe_2,meter_iawe,other,other,954.81,709.27,good
2023-06-01T08:22:00Z,IAWE_house_1,bldg_iawe_1,meter_iawe,air_conditioner_2,air_conditioner,2049.16,1898.97,good
2023-06-01T08:23:00Z,IAWE_house_1,bldg_iawe_1,meter_iawe,air_conditioner_2,air_conditioner,2008.71,1753.59,good
2023-06-01T08:24:00Z,IAWE_house_1,bldg_iawe_1,meter_iawe,other,other,814.69,612.38,good
2023-06-01T08:25:00Z,IAWE_house_1,bldg_iawe_1,meter_iawe,air_conditioner_1,air_conditioner,159.15,0.0,good
2023-06-01T08:26:00Z,IAWE_house_2,bldg_iawe_2,meter_iawe,fridge,fridge,162.27,5.0,good
2023-06-01T08:27:00Z,IAWE_house_1,bldg_iawe_1,meter_iawe,fridge,fridge,193.4,5.0,good
2023-06-01T08:28:00Z,IAWE_house_1,bldg_iawe_1,meter_iawe,air_conditioner_2,air_conditioner,1646.88,1339.04,good
2023-06-01T08:29:00Z,IAWE_house_1,bldg_iawe_1,meter_iawe,other,other,815.68,466.63,good
2023-06-01T08:30:00Z,IAWE_house_1,bldg_iawe_1,meter_iawe,air_conditioner_2,air_conditioner,283.41,0.0,good
2023-06-01T08:31:00Z,IAWE_house_1,bldg_iawe_1,meter_iawe,air_conditioner_1,air_conditioner,2342.22,2003.5,good
2023-06-01T08:32:00Z,IAWE_house_2,bldg_iawe_2,meter_iawe,other,other,677.94,352.66,good
2023-06-01T08:33:00Z,IAWE_house_1,bldg_iawe_1,meter_iawe,fridge,fridge,232.22,90.73,good
2023-06-01T08:34:00Z,IAWE_house_2,bldg_iawe_2,meter_iawe,other,other,1033.31,760.56,good
2023-06-01T08:35:00Z,IAWE_house_2,bldg_iawe_2,meter_iawe,air_conditioner_2,air_conditioner,1974.81,1829.12,good
2023-06-01T08:36:00Z,IAWE_house_1,bldg_iawe_1,meter_iawe,air_conditioner_2,air_conditioner,329.75,0.0,good
2023-06-01T08:37:00Z,IAWE_house_1,bldg_iawe_1,meter_iawe,other,other,639.75,486.58,good
2023-06-01T08:38:00Z,IAWE_house_2,bldg_iawe_2,meter_iawe,air_conditioner_2,air_conditioner,2039.81,1705.64,good
2023-06-01T08:39:00Z,IAWE_house_2,bldg_iawe_2,meter_iawe,other,other,466.92,127.81,good
2023-06-01T08:40:00Z,IAWE_house_2,bldg_iawe_2,meter_iawe,air_conditioner_1,air_conditioner,278.66,0.0,good
2023-06-01T08:41:00Z,IAWE_house_1,bldg_iawe_1,meter_iawe,fridge,fridge,190.28,5.0,good
2023-06-01T08:42:00Z,IAWE_house_2,bldg_iawe_2,meter_iawe,other,other,736.17,454.47,good
2023-06-01T08:43:00Z,IAWE_house_2,bldg_iawe_2,meter_iawe,fridge,fridge,315.26,127.88,good
2023-06-01T08:44:00Z,IAWE_house_1,bldg_iawe_1,meter_iawe,air_conditioner_2,air_conditioner,2033.75,1602.09,good
2023-06-01T08:45:00Z,IAWE_house_1,bldg_iawe_1,meter_iawe,other,other,774.88,523.28,good
2023-06-01T08:46:00Z,IAWE_house_2,bldg_iawe_2,meter_iawe,other,other,406.97,191.15,good
2023-06-01T08:47:00Z,IAWE_house_1,bldg_iawe_1,meter_iawe,air_conditioner_1,air_conditioner,498.8,0.0,good
2023-06-01T08:48:00Z,IAWE_house_1,bldg_iawe_1,meter_iawe,air_conditioner_2,air_conditioner,2187.09,1688.85,good
2023-06-01T08:49:00Z,IAWE_house_2,bldg_iawe_2,meter_iawe,other,other,561.6,283.41,good
2023-06-01T08:50:00Z,IAWE_house_2,bldg_iawe_2,meter_iawe,air_conditioner_1,air_conditioner,355.31,0.0,good
2023-06-01T08:51:00Z,IAWE_house_1,bldg_iawe_1,meter_iawe,air_conditioner_2,air_conditioner,203.86,0.0,good
2023-06-01T08:52:00Z,IAWE_house_1,bldg_iawe_1,meter_iawe,air_conditioner_2,air_conditioner,1569.07,1301.67,good
2023-06-01T08:53:00Z,IAWE_house_2,bldg_iawe_2,meter_iawe,other,other,688.48,551.35,good
2023-06-01T08:54:00Z,IAWE_house_1,bldg_iawe_1,meter_iawe,other,other,897.79,517.46,good
2023-06-01T08:55:00Z,IAWE_house_2,bldg_iawe_2,meter_iawe,other,other,739.42,446.22,good
2023-06-01T08:56:00Z,IAWE_house_2,bldg_iawe_2,meter_iawe,air_conditioner_2,air_conditioner,2047.73,1607.43,good
2023-06-01T08:57:00Z,IAWE_house_2,bldg_iawe_2,meter_iawe,other,other,582.11,432.39,good
2023-06-01T08:58:00Z,IAWE_house_2,bldg_iawe_2,meter_iawe,other,other,672.15,538.75,good
2023-06-01T08:59:00Z,IAWE_house_2,bldg_iawe_2,meter_iawe,fridge,fridge,278.37,148.85,good
2023-06-01T09:00:00Z,IAWE_house_2,bldg_iawe_2,meter_iawe,air_conditioner_2,air_conditioner,2345.93,2017.3,good
2023-06-01T09:01:00Z,IAWE_house_1,bldg_iawe_1,meter_iawe,other,other,487.68,106.92,good
2023-06-01T09:02:00Z,IAWE_house_2,bldg_iawe_2,meter_iawe,other,other,934.35,788.43,good
2023-06-01T09:03:00Z,IAWE_house_2,bldg_iawe_2,meter_iawe,other,other,542.79,399.55,good
2023-06-01T09:04:00Z,IAWE_house_1,bldg_iawe_1,meter_iawe,other,other,370.81,159.73,good
2023-06-01T09:05:00Z,IAWE_house_1,bldg_iawe_1,meter_iawe,air_conditioner_1,air_conditioner,1755.75,1556.29,good
2023-06-01T09:06:00Z,IAWE_house_2,bldg_iawe_2,meter_iawe,other,other,607.92,355.6,good
2023-06-01T09:07:00Z,IAWE_house_2,bldg_iawe_2,meter_iawe,air_conditioner_1,air_conditioner,1569.73,1363.07,good
2023-06-01T09:08:00Z,IAWE_house_1,bldg_iawe_1,meter_iawe,fridge,fridge,132.34,5.0,good
2023-06-01T09:09:00Z,IAWE_house_2,bldg_iawe_2,meter_iawe,other,other,856.58,506.11,good
2023-06-01T09:10:00Z,IAWE_house_2,bldg_iawe_2,meter_iawe,other,other,943.74,558.66,good
2023-06-01T09:11:00Z,IAWE_house_2,bldg_iawe_2,meter_iawe,other,other,788.74,676.38,good
2023-06-01T09:12:00Z,IAWE_house_2,bldg_iawe_2,meter_iawe,air_conditioner_2,air_conditioner,409.1,0.0,good
2023-06-01T09:13:00Z,IAWE_house_1,bldg_iawe_1,meter_iawe,other,other,629.49,308.57,good
2023-06-01T09:14:00Z,IAWE_house_2,bldg_iawe_2,meter_iawe,lighting,lighting,335.51,123.07,good
2023-06-01T09:15:00Z,IAWE_house_2,bldg_iawe_2,meter_iawe,lighting,lighting,123.15,0.0,good
2023-06-01T09:16:00Z,IAWE_house_1,bldg_iawe_1,meter_iawe,air_conditioner_2,air_conditioner,488.16,0.0,good
2023-06-01T09:17:00Z,IAWE_house_2,bldg_iawe_2,meter_iawe,air_conditioner_1,air_conditioner,1876.79,1736.02,good
2023-06-01T09:18:00Z,IAWE_house_2,bldg_iawe_2,meter_iawe,air_conditioner_2,air_conditioner,2142.66,1864.33,good
2023-06-01T09:19:00Z,IAWE_house_2,bldg_iawe_2,meter_iawe,air_conditioner_2,air_conditioner,113.7,0.0,good
2023-06-01T09:20:00Z,IAWE_house_1,bldg_iawe_1,meter_iawe,other,other,515.33,211.81,good
2023-06-01T09:21:00Z,IAWE_house_2,bldg_iawe_2,meter_iawe,air_conditioner_2,air_conditioner,100.24,0.0,good
2023-06-01T09:22:00Z,IAWE_house_2,bldg_iawe_2,meter_iawe,fridge,fridge,195.93,130.6,good
2023-06-01T09:23:00Z,IAWE_house_1,bldg_iawe_1,meter_iawe,other,other,396.97,209.43,good
2023-06-01T09:24:00Z,IAWE_house_1,bldg_iawe_1,meter_iawe,other,other,882.38,694.93,good
2023-06-01T09:25:00Z,IAWE_house_2,bldg_iawe_2,meter_iawe,lighting,lighting,125.57,0.0,good
2023-06-01T09:26:00Z,IAWE_house_2,bldg_iawe_2,meter_iawe,lighting,lighting,180.84,0.0,good
2023-06-01T09:27:00Z,IAWE_house_2,bldg_iawe_2,meter_iawe,lighting,lighting,217.2,133.36,good
2023-06-01T09:28:00Z,IAWE_house_1,bldg_iawe_1,meter_iawe,fridge,fridge,73.24,5.0,good
2023-06-01T09:29:00Z,IAWE_house_2,bldg_iawe_2,meter_iawe,fridge,fridge,276.72,114.51,good
2023-06-01T09:30:00Z,IAWE_house_1,bldg_iawe_1,meter_iawe,fridge,fridge,253.37,114.62,good
2023-06-01T09:31:00Z,IAWE_house_1,bldg_iawe_1,meter_iawe,air_conditioner_2,air_conditioner,328.56,0.0,good
2023-06-01T09:32:00Z,IAWE_house_2,bldg_iawe_2,meter_iawe,air_conditioner_1,air_conditioner,1832.45,1480.68,good
2023-06-01T09:33:00Z,IAWE_house_2,bldg_iawe_2,meter_iawe,other,other,509.3,152.63,good
2023-06-01T09:34:00Z,IAWE_house_2,bldg_iawe_2,meter_iawe,air_conditioner_2,air_conditioner,189.85,0.0,good
2023-06-01T09:35:00Z,IAWE_house_2,bldg_iawe_2,meter_iawe,other,other,804.41,502.71,good
2023-06-01T09:36:00Z,IAWE_house_2,bldg_iawe_2,meter_iawe,fridge,fridge,272.21,120.99,good
2023-06-01T09:37:00Z,IAWE_house_2,bldg_iawe_2,meter_iawe,air_conditioner_1,air_conditioner,167.97,0.0,good
2023-06-01T09:38:00Z,IAWE_house_2,bldg_iawe_2,meter_iawe,lighting,lighting,170.08,0.0,good
2023-06-01T09:39:00Z,IAWE_house_2,bldg_iawe_2,meter_iawe,other,other,886.56,509.85,good
2023-06-01T09:40:00Z,IAWE_house_1,bldg_iawe_1,meter_iawe,other,other,720.78,423.34,good
2023-06-01T09:41:00Z,IAWE_house_2,bldg_iawe_2,meter_iawe,other,other,834.82,602.78,good
2023-06-01T09:42:00Z,IAWE_house_2,bldg_iawe_2,meter_iawe,other,other,585.35,285.13,good
2023-06-01T09:43:00Z,IAWE_house_1,bldg_iawe_1,meter_iawe,air_conditioner_1,air_conditioner,1624.67,1385.9,good
2023-06-01T09:44:00Z,IAWE_house_2,bldg_iawe_2,meter_iawe,air_conditioner_2,air_conditioner,1670.96,1550.6,good
2023-06-01T09:45:00Z,IAWE_house_2,bldg_iawe_2,meter_iawe,fridge,fridge,164.46,113.79,good
2023-06-01T09:46:00Z,IAWE_house_1,bldg_iawe_1,meter_iawe,other,other,556.49,353.79,good
2023-06-01T09:47:00Z,IAWE_house_1,bldg_iawe_1,meter_iawe,fridge,fridge,163.75,5.0,good
2023-06-01T09:48:00Z,IAWE_house_2,bldg_iawe_2,meter_iawe,lighting,lighting,289.22,0.0,good
2023-06-01T09:49:00Z,IAWE_house_1,bldg_iawe_1,meter_iawe,lighting,lighting,114.8,0.0,good
2023-06-01T09:50:00Z,IAWE_house_2,bldg_iawe_2,meter_iawe,air_conditioner_1,air_conditioner,1577.91,1318.66,good
2023-06-01T09:51:00Z,IAWE_house_1,bldg_iawe_1,meter_iawe,fridge,fridge,227.07,128.46,good
2023-06-01T09:52:00Z,IAWE_house_1,bldg_iawe_1,meter_iawe,air_conditioner_2,air_conditioner,399.43,0.0,good
2023-06-01T09:53:00Z,IAWE_house_2,bldg_iawe_2,meter_iawe,other,other,904.0,796.22,good
2023-06-01T09:54:00Z,IAWE_house_2,bldg_iawe_2,meter_iawe,fridge,fridge,217.7,148.63,good
2023-06-01T09:55:00Z,IAWE_house_1,bldg_iawe_1,meter_iawe,air_conditioner_1,air_conditioner,2260.52,1877.95,good
2023-06-01T09:56:00Z,IAWE_house_2,bldg_iawe_2,meter_iawe,fridge,fridge,147.47,5.0,good
2023-06-01T09:57:00Z,IAWE_house_2,bldg_iawe_2,meter_iawe,lighting,lighting,276.5,76.23,good
2023-06-01T09:58:00Z,IAWE_house_2,bldg_iawe_2,meter_iawe,air_conditioner_1,air_conditioner,2316.74,1872.74,good
2023-06-01T09:59:00Z,IAWE_house_1,bldg_iawe_1,meter_iawe,fridge,fridge,215.21,139.72,good
2023-06-01T10:00:00Z,IAWE_house_2,bldg_iawe_2,meter_iawe,fridge,fridge,126.75,5.0,good
2023-06-01T10:01:00Z,IAWE_house_2,bldg_iawe_2,meter_iawe,fridge,fridge,207.74,135.36,good
2023-06-01T10:02:00Z,IAWE_house_1,bldg_iawe_1,meter_iawe,fridge,fridge,254.96,124.67,good
2023-06-01T10:03:00Z,IAWE_house_2,bldg_iawe_2,meter_iawe,fridge,fridge,205.16,149.31,good
2023-06-01T10:04:00Z,IAWE_house_1,bldg_iawe_1,meter_iawe,lighting,lighting,299.06,0.0,good
2023-06-01T10:05:00Z,IAWE_house_1,bldg_iawe_1,meter_iawe,air_conditioner_2,air_conditioner,269.59,0.0,good
2023-06-01T10:06:00Z,IAWE_house_2,bldg_iawe_2,meter_iawe,air_conditioner_2,air_conditioner,290.93,0.0,good
2023-06-01T10:07:00Z,IAWE_house_1,bldg_iawe_1,meter_iawe,fridge,fridge,197.11,88.91,good
2023-06-01T10:08:00Z,IAWE_house_1,bldg_iawe_1,meter_iawe,air_conditioner_1,air_conditioner,1502.67,1310.58,good
2023-06-01T10:09:00Z,IAWE_house_1,bldg_iawe_1,meter_iawe,lighting,lighting,291.92,0.0,good
2023-06-01T10:10:00Z,IAWE_house_1,bldg_iawe_1,meter_iawe,fridge,fridge,297.22,119.54,good
2023-06-01T10:11:00Z,IAWE_house_1,bldg_iawe_1,meter_iawe,air_conditioner_2,air_conditioner,1595.22,1206.26,good
2023-06-01T10:12:00Z,IAWE_house_1,bldg_iawe_1,meter_iawe,air_conditioner_2,air_conditioner,1834.87,1647.75,good
2023-06-01T10:13:00Z,IAWE_house_2,bldg_iawe_2,meter_iawe,air_conditioner_1,air_conditioner,2463.73,2006.95,good
2023-06-01T10:14:00Z,IAWE_house_1,bldg_iawe_1,meter_iawe,fridge,fridge,142.12,85.18,good
2023-06-01T10:15:00Z,IAWE_house_1,bldg_iawe_1,meter_iawe,other,other,574.0,175.75,good
2023-06-01T10:16:00Z,IAWE_house_2,bldg_iawe_2,meter_iawe,air_conditioner_1,air_conditioner,435.52,0.0,good
2023-06-01T10:17:00Z,IAWE_house_1,bldg_iawe_1,meter_iawe,fridge,fridge,182.19,5.0,good
2023-06-01T10:18:00Z,IAWE_house_2,bldg_iawe_2,meter_iawe,air_conditioner_2,air_conditioner,2148.44,1921.05,good
2023-06-01T10:19:00Z,IAWE_house_1,bldg_iawe_1,meter_iawe,other,other,1043.96,658.88,good
2023-06-01T10:20:00Z,IAWE_house_1,bldg_iawe_1,meter_iawe,air_conditioner_2,air_conditioner,1527.88,1243.2,good
2023-06-01T10:21:00Z,IAWE_house_1,bldg_iawe_1,meter_iawe,air_conditioner_1,air_conditioner,2036.14,1845.47,good
2023-06-01T10:22:00Z,IAWE_house_1,bldg_iawe_1,meter_iawe,air_conditioner_2,air_conditioner,1495.18,1282.89,good
2023-06-01T10:23:00Z,IAWE_house_1,bldg_iawe_1,meter_iawe,fridge,fridge,208.46,140.73,good
2023-06-01T10:24:00Z,IAWE_house_2,bldg_iawe_2,meter_iawe,air_conditioner_2,air_conditioner,261.83,0.0,good
2023-06-01T10:25:00Z,IAWE_house_1,bldg_iawe_1,meter_iawe,other,other,972.86,706.14,good
2023-06-01T10:26:00Z,IAWE_house_2,bldg_iawe_2,meter_iawe,other,other,732.71,609.54,good
2023-06-01T10:27:00Z,IAWE_house_2,bldg_iawe_2,meter_iawe,air_conditioner_1,air_conditioner,318.77,0.0,good
2023-06-01T10:28:00Z,IAWE_house_1,bldg_iawe_1,meter_iawe,fridge,fridge,204.86,5.0,good
2023-06-01T10:29:00Z,IAWE_house_2,bldg_iawe_2,meter_iawe,lighting,lighting,233.49,99.32,good
2023-06-01T10:30:00Z,IAWE_house_2,bldg_iawe_2,meter_iawe,air_conditioner_1,air_conditioner,472.97,0.0,good
2023-06-01T10:31:00Z,IAWE_house_1,bldg_iawe_1,meter_iawe,air_conditioner_1,air_conditioner,2389.49,1973.58,good
2023-06-01T10:32:00Z,IAWE_house_1,bldg_iawe_1,meter_iawe,other,other,673.96,352.96,good
2023-06-01T10:33:00Z,IAWE_house_1,bldg_iawe_1,meter_iawe,lighting,lighting,264.96,0.0,good
2023-06-01T10:34:00Z,IAWE_house_2,bldg_iawe_2,meter_iawe,lighting,lighting,356.93,125.47,good
2023-06-01T10:35:00Z,IAWE_house_2,bldg_iawe_2,meter_iawe,air_conditioner_1,air_conditioner,344.06,0.0,good
2023-06-01T10:36:00Z,IAWE_house_2,bldg_iawe_2,meter_iawe,air_conditioner_1,air_conditioner,1923.57,1638.85,good
2023-06-01T10:37:00Z,IAWE_house_2,bldg_iawe_2,meter_iawe,air_conditioner_2,air_conditioner,2114.09,1870.29,good
2023-06-01T10:38:00Z,IAWE_house_1,bldg_iawe_1,meter_iawe,air_conditioner_2,air_conditioner,448.9,0.0,good
2023-06-01T10:39:00Z,IAWE_house_2,bldg_iawe_2,meter_iawe,other,other,774.7,447.05,good
2023-06-01T10:40:00Z,IAWE_house_1,bldg_iawe_1,meter_iawe,fridge,fridge,195.48,5.0,good
2023-06-01T10:41:00Z,IAWE_house_2,bldg_iawe_2,meter_iawe,other,other,757.26,422.92,good
2023-06-01T10:42:00Z,IAWE_house_1,bldg_iawe_1,meter_iawe,air_conditioner_2,air_conditioner,250.1,0.0,good
2023-06-01T10:43:00Z,IAWE_house_2,bldg_iawe_2,meter_iawe,air_conditioner_1,air_conditioner,2095.46,1927.96,good
2023-06-01T10:44:00Z,IAWE_house_2,bldg_iawe_2,meter_iawe,air_conditioner_1,air_conditioner,128.74,0.0,good
2023-06-01T10:45:00Z,IAWE_house_1,bldg_iawe_1,meter_iawe,air_conditioner_1,air_conditioner,492.46,0.0,good
2023-06-01T10:46:00Z,IAWE_house_2,bldg_iawe_2,meter_iawe,other,other,827.61,513.35,good
2023-06-01T10:47:00Z,IAWE_house_2,bldg_iawe_2,meter_iawe,air_conditioner_1,air_conditioner,2294.83,2132.85,good
2023-06-01T10:48:00Z,IAWE_house_1,bldg_iawe_1,meter_iawe,air_conditioner_2,air_conditioner,1991.98,1731.27,good
2023-06-01T10:49:00Z,IAWE_house_2,bldg_iawe_2,meter_iawe,other,other,836.31,719.75,good
2023-06-01T10:50:00Z,IAWE_house_2,bldg_iawe_2,meter_iawe,air_conditioner_2,air_conditioner,215.76,0.0,good
2023-06-01T10:51:00Z,IAWE_house_1,bldg_iawe_1,meter_iawe,fridge,fridge,204.84,5.0,good
2023-06-01T10:52:00Z,IAWE_house_1,bldg_iawe_1,meter_iawe,air_conditioner_2,air_conditioner,1951.98,1764.23,good
2023-06-01T10:53:00Z,IAWE_house_2,bldg_iawe_2,meter_iawe,air_conditioner_2,air_conditioner,491.48,0.0,good
2023-06-01T10:54:00Z,IAWE_house_2,bldg_iawe_2,meter_iawe,other,other,1144.24,758.39,good
2023-06-01T10:55:00Z,IAWE_house_2,bldg_iawe_2,meter_iawe,other,other,389.51,176.83,good
2023-06-01T10:56:00Z,IAWE_house_1,bldg_iawe_1,meter_iawe,air_conditioner_2,air_conditioner,2230.72,1804.31,good
2023-06-01T10:57:00Z,IAWE_house_2,bldg_iawe_2,meter_iawe,fridge,fridge,207.65,112.39,good
2023-06-01T10:58:00Z,IAWE_house_1,bldg_iawe_1,meter_iawe,other,other,356.71,207.74,good
2023-06-01T10:59:00Z,IAWE_house_2,bldg_iawe_2,meter_iawe,lighting,lighting,190.24,0.0,good
2023-06-01T11:00:00Z,IAWE_house_2,bldg_iawe_2,meter_iawe,lighting,lighting,145.99,0.0,good
2023-06-01T11:01:00Z,IAWE_house_2,bldg_iawe_2,meter_iawe,air_conditioner_1,air_conditioner,2231.53,1800.72,good
2023-06-01T11:02:00Z,IAWE_house_2,bldg_iawe_2,meter_iawe,air_conditioner_1,air_conditioner,2059.41,1787.48,good
2023-06-01T11:03:00Z,IAWE_house_2,bldg_iawe_2,meter_iawe,fridge,fridge,208.05,145.25,good
2023-06-01T11:04:00Z,IAWE_house_2,bldg_iawe_2,meter_iawe,lighting,lighting,182.9,0.0,good
2023-06-01T11:05:00Z,IAWE_house_2,bldg_iawe_2,meter_iawe,fridge,fridge,334.51,141.4,good
2023-06-01T11:06:00Z,IAWE_house_2,bldg_iawe_2,meter_iawe,fridge,fridge,295.73,98.24,good
2023-06-01T11:07:00Z,IAWE_house_1,bldg_iawe_1,meter_iawe,lighting,lighting,209.23,114.22,good
2023-06-01T11:08:00Z,IAWE_house_2,bldg_iawe_2,meter_iawe,air_conditioner_2,air_conditioner,1486.08,1248.9,good
2023-06-01T11:09:00Z,IAWE_house_1,bldg_iawe_1,meter_iawe,other,other,1095.98,722.37,good
2023-06-01T11:10:00Z,IAWE_house_1,bldg_iawe_1,meter_iawe,fridge,fridge,323.72,130.76,good
2023-06-01T11:11:00Z,IAWE_house_2,bldg_iawe_2,meter_iawe,lighting,lighting,225.67,81.76,good
2023-06-01T11:12:00Z,IAWE_house_2,bldg_iawe_2,meter_iawe,lighting,lighting,198.23,103.83,good
2023-06-01T11:13:00Z,IAWE_house_2,bldg_iawe_2,meter_iawe,air_conditioner_2,air_conditioner,415.79,0.0,good
2023-06-01T11:14:00Z,IAWE_house_1,bldg_iawe_1,meter_iawe,lighting,lighting,387.89,136.29,good
2023-06-01T11:15:00Z,IAWE_house_2,bldg_iawe_2,meter_iawe,air_conditioner_1,air_conditioner,1954.29,1678.1,good
2023-06-01T11:16:00Z,IAWE_house_1,bldg_iawe_1,meter_iawe,fridge,fridge,144.84,5.0,good
2023-06-01T11:17:00Z,IAWE_house_1,bldg_iawe_1,meter_iawe,air_conditioner_1,air_conditioner,2192.07,1699.56,good
2023-06-01T11:18:00Z,IAWE_house_1,bldg_iawe_1,meter_iawe,fridge,fridge,320.58,136.04,good
2023-06-01T11:19:00Z,IAWE_house_2,bldg_iawe_2,meter_iawe,fridge,fridge,225.21,93.32,good
2023-06-01T11:20:00Z,IAWE_house_2,bldg_iawe_2,meter_iawe,other,other,955.15,648.6,good
2023-06-01T11:21:00Z,IAWE_house_1,bldg_iawe_1,meter_iawe,fridge,fridge,279.37,115.25,good
2023-06-01T11:22:00Z,IAWE_house_2,bldg_iawe_2,meter_iawe,other,other,463.03,196.64,good
2023-06-01T11:23:00Z,IAWE_house_1,bldg_iawe_1,meter_iawe,air_conditioner_2,air_conditioner,1972.63,1668.64,good
2023-06-01T11:24:00Z,IAWE_house_1,bldg_iawe_1,meter_iawe,air_conditioner_1,air_conditioner,2533.56,2043.72,good
2023-06-01T11:25:00Z,IAWE_house_2,bldg_iawe_2,meter_iawe,lighting,lighting,349.5,146.59,good
2023-06-01T11:26:00Z,IAWE_house_2,bldg_iawe_2,meter_iawe,fridge,fridge,68.81,5.0,good
2023-06-01T11:27:00Z,IAWE_house_1,bldg_iawe_1,meter_iawe,air_conditioner_1,air_conditioner,2135.1,1960.49,good
2023-06-01T11:28:00Z,IAWE_house_1,bldg_iawe_1,meter_iawe,air_conditioner_2,air_conditioner,448.07,0.0,good
2023-06-01T11:29:00Z,IAWE_house_2,bldg_iawe_2,meter_iawe,air_conditioner_2,air_conditioner,432.72,0.0,good
2023-06-01T11:30:00Z,IAWE_house_2,bldg_iawe_2,meter_iawe,air_conditioner_1,air_conditioner,360.88,0.0,good
2023-06-01T11:31:00Z,IAWE_house_1,bldg_iawe_1,meter_iawe,fridge,fridge,227.35,137.84,good
2023-06-01T11:32:00Z,IAWE_house_2,bldg_iawe_2,meter_iawe,air_conditioner_1,air_conditioner,2101.77,1910.74,good
2023-06-01T11:33:00Z,IAWE_house_1,bldg_iawe_1,meter_iawe,air_conditioner_2,air_conditioner,2667.62,2192.43,good
2023-06-01T11:34:00Z,IAWE_house_1,bldg_iawe_1,meter_iawe,lighting,lighting,381.48,96.71,good
2023-06-01T11:35:00Z,IAWE_house_2,bldg_iawe_2,meter_iawe,lighting,lighting,163.0,59.16,good
2023-06-01T11:36:00Z,IAWE_house_2,bldg_iawe_2,meter_iawe,lighting,lighting,119.57,0.0,good
2023-06-01T11:37:00Z,IAWE_house_1,bldg_iawe_1,meter_iawe,other,other,666.67,360.03,good
2023-06-01T11:38:00Z,IAWE_house_2,bldg_iawe_2,meter_iawe,air_conditioner_1,air_conditioner,2664.64,2177.08,good
2023-06-01T11:39:00Z,IAWE_house_2,bldg_iawe_2,meter_iawe,air_conditioner_2,air_conditioner,1985.95,1697.86,good
2023-06-01T11:40:00Z,IAWE_house_2,bldg_iawe_2,meter_iawe,air_conditioner_1,air_conditioner,123.59,0.0,good
2023-06-01T11:41:00Z,IAWE_house_1,bldg_iawe_1,meter_iawe,other,other,1090.81,755.16,good
2023-06-01T11:42:00Z,IAWE_house_2,bldg_iawe_2,meter_iawe,fridge,fridge,272.0,83.89,good
2023-06-01T11:43:00Z,IAWE_house_2,bldg_iawe_2,meter_iawe,fridge,fridge,314.01,139.28,good
2023-06-01T11:44:00Z,IAWE_house_2,bldg_iawe_2,meter_iawe,air_conditioner_2,air_conditioner,174.61,0.0,good
2023-06-01T11:45:00Z,IAWE_house_2,bldg_iawe_2,meter_iawe,air_conditioner_1,air_conditioner,2538.17,2068.81,good
2023-06-01T11:46:00Z,IAWE_house_1,bldg_iawe_1,meter_iawe,air_conditioner_1,air_conditioner,2274.61,2000.66,good
2023-06-01T11:47:00Z,IAWE_house_2,bldg_iawe_2,meter_iawe,other,other,1055.41,791.12,good
2023-06-01T11:48:00Z,IAWE_house_2,bldg_iawe_2,meter_iawe,other,other,515.59,385.87,good
2023-06-01T11:49:00Z,IAWE_house_1,bldg_iawe_1,meter_iawe,air_conditioner_2,air_conditioner,2131.21,1814.66,good
2023-06-01T11:50:00Z,IAWE_house_2,bldg_iawe_2,meter_iawe,lighting,lighting,149.35,0.0,good
2023-06-01T11:51:00Z,IAWE_house_1,bldg_iawe_1,meter_iawe,lighting,lighting,443.69,148.44,good
2023-06-01T11:52:00Z,IAWE_house_1,bldg_iawe_1,meter_iawe,fridge,fridge,291.55,123.8,good
2023-06-01T11:53:00Z,IAWE_house_1,bldg_iawe_1,meter_iawe,lighting,lighting,166.89,0.0,good
2023-06-01T11:54:00Z,IAWE_house_1,bldg_iawe_1,meter_iawe,fridge,fridge,317.33,143.24,good
2023-06-01T11:55:00Z,IAWE_house_1,bldg_iawe_1,meter_iawe,air_conditioner_1,air_conditioner,1619.28,1385.32,good
2023-06-01T11:56:00Z,IAWE_house_2,bldg_iawe_2,meter_iawe,air_conditioner_2,air_conditioner,1716.58,1273.42,good
2023-06-01T11:57:00Z,IAWE_house_2,bldg_iawe_2,meter_iawe,other,other,524.98,124.99,good
2023-06-01T11:58:00Z,IAWE_house_1,bldg_iawe_1,meter_iawe,air_conditioner_1,air_conditioner,445.1,0.0,good
2023-06-01T11:59:00Z,IAWE_house_1,bldg_iawe_1,meter_iawe,air_conditioner_1,air_conditioner,2096.37,1890.37,good
2023-06-01T12:00:00Z,IAWE_house_1,bldg_iawe_1,meter_iawe,fridge,fridge,196.59,5.0,good
2023-06-01T12:01:00Z,IAWE_house_1,bldg_iawe_1,meter_iawe,fridge,fridge,300.04,149.56,good
2023-06-01T12:02:00Z,IAWE_house_1,bldg_iawe_1,meter_iawe,fridge,fridge,261.01,107.34,good
2023-06-01T12:03:00Z,IAWE_house_2,bldg_iawe_2,meter_iawe,lighting,lighting,210.75,62.33,good
2023-06-01T12:04:00Z,IAWE_house_1,bldg_iawe_1,meter_iawe,fridge,fridge,217.96,111.48,good
2023-06-01T12:05:00Z,IAWE_house_1,bldg_iawe_1,meter_iawe,lighting,lighting,295.2,125.74,good
2023-06-01T12:06:00Z,IAWE_house_1,bldg_iawe_1,meter_iawe,lighting,lighting,282.83,0.0,good
2023-06-01T12:07:00Z,IAWE_house_1,bldg_iawe_1,meter_iawe,fridge,fridge,71.55,5.0,good
2023-06-01T12:08:00Z,IAWE_house_1,bldg_iawe_1,meter_iawe,fridge,fridge,264.5,85.45,good
2023-06-01T12:09:00Z,IAWE_house_2,bldg_iawe_2,meter_iawe,fridge,fridge,165.56,90.21,good
2023-06-01T12:10:00Z,IAWE_house_2,bldg_iawe_2,meter_iawe,air_conditioner_2,air_conditioner,438.54,0.0,good
2023-06-01T12:11:00Z,IAWE_house_1,bldg_iawe_1,meter_iawe,fridge,fridge,235.92,123.19,good
2023-06-01T12:12:00Z,IAWE_house_1,bldg_iawe_1,meter_iawe,fridge,fridge,171.6,94.05,good
2023-06-01T12:13:00Z,IAWE_house_2,bldg_iawe_2,meter_iawe,air_conditioner_1,air_conditioner,2222.97,1930.11,good
2023-06-01T12:14:00Z,IAWE_house_1,bldg_iawe_1,meter_iawe,fridge,fridge,129.75,5.0,good
2023-06-01T12:15:00Z,IAWE_house_1,bldg_iawe_1,meter_iawe,air_conditioner_2,air_conditioner,2149.77,1722.48,good
2023-06-01T12:16:00Z,IAWE_house_2,bldg_iawe_2,meter_iawe,lighting,lighting,232.32,0.0,good
2023-06-01T12:17:00Z,IAWE_house_1,bldg_iawe_1,meter_iawe,other,other,939.66,735.93,good
2023-06-01T12:18:00Z,IAWE_house_2,bldg_iawe_2,meter_iawe,other,other,527.74,137.14,good
2023-06-01T12:19:00Z,IAWE_house_2,bldg_iawe_2,meter_iawe,other,other,553.02,448.97,good
2023-06-01T12:20:00Z,IAWE_house_2,bldg_iawe_2,meter_iawe,air_conditioner_1,air_conditioner,2412.47,1999.87,good
2023-06-01T12:21:00Z,IAWE_house_1,bldg_iawe_1,meter_iawe,air_conditioner_2,air_conditioner,2637.68,2176.52,good
2023-06-01T12:22:00Z,IAWE_house_1,bldg_iawe_1,meter_iawe,air_conditioner_1,air_conditioner,1693.37,1230.81,good
2023-06-01T12:23:00Z,IAWE_house_2,bldg_iawe_2,meter_iawe,air_conditioner_2,air_conditioner,166.78,0.0,good
2023-06-01T12:24:00Z,IAWE_house_2,bldg_iawe_2,meter_iawe,other,other,231.55,115.08,good
2023-06-01T12:25:00Z,IAWE_house_1,bldg_iawe_1,meter_iawe,lighting,lighting,99.23,0.0,good
2023-06-01T12:26:00Z,IAWE_house_1,bldg_iawe_1,meter_iawe,air_conditioner_1,air_conditioner,445.83,0.0,good
2023-06-01T12:27:00Z,IAWE_house_1,bldg_iawe_1,meter_iawe,other,other,1009.71,690.55,good
2023-06-01T12:28:00Z,IAWE_house_2,bldg_iawe_2,meter_iawe,lighting,lighting,264.32,0.0,good
2023-06-01T12:29:00Z,IAWE_house_2,bldg_iawe_2,meter_iawe,air_conditioner_1,air_conditioner,2027.88,1908.49,good
2023-06-01T12:30:00Z,IAWE_house_1,bldg_iawe_1,meter_iawe,other,other,375.34,201.76,good
2023-06-01T12:31:00Z,IAWE_house_1,bldg_iawe_1,meter_iawe,lighting,lighting,277.32,86.97,good
2023-06-01T12:32:00Z,IAWE_house_1,bldg_iawe_1,meter_iawe,lighting,lighting,136.37,0.0,good
2023-06-01T12:33:00Z,IAWE_house_1,bldg_iawe_1,meter_iawe,fridge,fridge,72.3,5.0,good
2023-06-01T12:34:00Z,IAWE_house_1,bldg_iawe_1,meter_iawe,air_conditioner_2,air_conditioner,1998.74,1718.5,good
2023-06-01T12:35:00Z,IAWE_house_2,bldg_iawe_2,meter_iawe,lighting,lighting,322.73,69.17,good
2023-06-01T12:36:00Z,IAWE_house_1,bldg_iawe_1,meter_iawe,air_conditioner_2,air_conditioner,2607.01,2196.55,good
2023-06-01T12:37:00Z,IAWE_house_1,bldg_iawe_1,meter_iawe,air_conditioner_2,air_conditioner,2322.56,2113.34,good
2023-06-01T12:38:00Z,IAWE_house_1,bldg_iawe_1,meter_iawe,air_conditioner_2,air_conditioner,2442.97,2090.78,good
2023-06-01T12:39:00Z,IAWE_house_2,bldg_iawe_2,meter_iawe,other,other,1023.89,679.81,good
2023-06-01T12:40:00Z,IAWE_house_2,bldg_iawe_2,meter_iawe,air_conditioner_2,air_conditioner,1965.66,1493.2,good
2023-06-01T12:41:00Z,IAWE_house_1,bldg_iawe_1,meter_iawe,lighting,lighting,143.82,0.0,good
2023-06-01T12:42:00Z,IAWE_house_2,bldg_iawe_2,meter_iawe,air_conditioner_2,air_conditioner,2323.85,1948.63,good
2023-06-01T12:43:00Z,IAWE_house_2,bldg_iawe_2,meter_iawe,air_conditioner_2,air_conditioner,1861.2,1390.79,good
2023-06-01T12:44:00Z,IAWE_house_1,bldg_iawe_1,meter_iawe,air_conditioner_2,air_conditioner,2212.34,1981.18,good
2023-06-01T12:45:00Z,IAWE_house_2,bldg_iawe_2,meter_iawe,air_conditioner_2,air_conditioner,1569.66,1404.35,good
2023-06-01T12:46:00Z,IAWE_house_1,bldg_iawe_1,meter_iawe,fridge,fridge,273.63,106.22,good
2023-06-01T12:47:00Z,IAWE_house_1,bldg_iawe_1,meter_iawe,fridge,fridge,255.35,120.78,good
2023-06-01T12:48:00Z,IAWE_house_2,bldg_iawe_2,meter_iawe,air_conditioner_1,air_conditioner,2239.53,1956.75,good
2023-06-01T12:49:00Z,IAWE_house_1,bldg_iawe_1,meter_iawe,air_conditioner_1,air_conditioner,422.83,0.0,good
2023-06-01T12:50:00Z,IAWE_house_2,bldg_iawe_2,meter_iawe,other,other,713.48,492.73,good
2023-06-01T12:51:00Z,IAWE_house_2,bldg_iawe_2,meter_iawe,air_conditioner_1,air_conditioner,225.64,0.0,good
2023-06-01T12:52:00Z,IAWE_house_2,bldg_iawe_2,meter_iawe,air_conditioner_1,air_conditioner,1432.99,1213.98,good
2023-06-01T12:53:00Z,IAWE_house_1,bldg_iawe_1,meter_iawe,fridge,fridge,233.44,99.34,good
2023-06-01T12:54:00Z,IAWE_house_2,bldg_iawe_2,meter_iawe,other,other,916.29,705.47,good
2023-06-01T12:55:00Z,IAWE_house_1,bldg_iawe_1,meter_iawe,air_conditioner_2,air_conditioner,1988.01,1757.09,good
2023-06-01T12:56:00Z,IAWE_house_2,bldg_iawe_2,meter_iawe,air_conditioner_1,air_conditioner,1955.9,1762.78,good
2023-06-01T12:57:00Z,IAWE_house_1,bldg_iawe_1,meter_iawe,air_conditioner_2,air_conditioner,375.82,0.0,good
2023-06-01T12:58:00Z,IAWE_house_1,bldg_iawe_1,meter_iawe,lighting,lighting,188.51,0.0,good
2023-06-01T12:59:00Z,IAWE_house_2,bldg_iawe_2,meter_iawe,air_conditioner_1,air_conditioner,2090.43,1671.93,good
2023-06-01T13:00:00Z,IAWE_house_1,bldg_iawe_1,meter_iawe,air_conditioner_2,air_conditioner,371.03,0.0,good
2023-06-01T13:01:00Z,IAWE_house_1,bldg_iawe_1,meter_iawe,other,other,559.72,249.07,good
2023-06-01T13:02:00Z,IAWE_house_1,bldg_iawe_1,meter_iawe,air_conditioner_2,air_conditioner,1585.95,1241.13,good
2023-06-01T13:03:00Z,IAWE_house_1,bldg_iawe_1,meter_iawe,other,other,744.09,584.69,good
2023-06-01T13:04:00Z,IAWE_house_2,bldg_iawe_2,meter_iawe,other,other,629.78,429.49,good
2023-06-01T13:05:00Z,IAWE_house_2,bldg_iawe_2,meter_iawe,air_conditioner_1,air_conditioner,1868.39,1413.41,good
2023-06-01T13:06:00Z,IAWE_house_1,bldg_iawe_1,meter_iawe,fridge,fridge,217.13,144.27,good
2023-06-01T13:07:00Z,IAWE_house_2,bldg_iawe_2,meter_iawe,air_conditioner_1,air_conditioner,1389.17,1284.51,good
2023-06-01T13:08:00Z,IAWE_house_1,bldg_iawe_1,meter_iawe,other,other,645.5,449.07,good
2023-06-01T13:09:00Z,IAWE_house_2,bldg_iawe_2,meter_iawe,fridge,fridge,218.42,136.1,good
2023-06-01T13:10:00Z,IAWE_house_1,bldg_iawe_1,meter_iawe,other,other,666.86,308.44,good
2023-06-01T13:11:00Z,IAWE_house_1,bldg_iawe_1,meter_iawe,air_conditioner_2,air_conditioner,342.01,0.0,good
2023-06-01T13:12:00Z,IAWE_house_2,bldg_iawe_2,meter_iawe,air_conditioner_2,air_conditioner,1646.91,1504.22,good
2023-06-01T13:13:00Z,IAWE_house_1,bldg_iawe_1,meter_iawe,air_conditioner_1,air_conditioner,2400.24,2120.36,good
2023-06-01T13:14:00Z,IAWE_house_1,bldg_iawe_1,meter_iawe,fridge,fridge,204.32,92.47,good
2023-06-01T13:15:00Z,IAWE_house_1,bldg_iawe_1,meter_iawe,fridge,fridge,248.39,138.38,good
2023-06-01T13:16:00Z,IAWE_house_2,bldg_iawe_2,meter_iawe,air_conditioner_1,air_conditioner,349.23,0.0,good
2023-06-01T13:17:00Z,IAWE_house_2,bldg_iawe_2,meter_iawe,other,other,743.23,397.67,good
2023-06-01T13:18:00Z,IAWE_house_1,bldg_iawe_1,meter_iawe,air_conditioner_1,air_conditioner,1951.85,1652.06,good
2023-06-01T13:19:00Z,IAWE_house_1,bldg_iawe_1,meter_iawe,air_conditioner_1,air_conditioner,2220.17,1750.35,good
2023-06-01T13:20:00Z,IAWE_house_2,bldg_iawe_2,meter_iawe,lighting,lighting,196.99,47.59,good
2023-06-01T13:21:00Z,IAWE_house_1,bldg_iawe_1,meter_iawe,air_conditioner_1,air_conditioner,119.21,0.0,good
2023-06-01T13:22:00Z,IAWE_house_2,bldg_iawe_2,meter_iawe,air_conditioner_1,air_conditioner,396.93,0.0,good
2023-06-01T13:23:00Z,IAWE_house_2,bldg_iawe_2,meter_iawe,air_conditioner_2,air_conditioner,1498.99,1249.7,good
2023-06-01T13:24:00Z,IAWE_house_1,bldg_iawe_1,meter_iawe,air_conditioner_1,air_conditioner,2071.27,1964.41,good
2023-06-01T13:25:00Z,IAWE_house_2,bldg_iawe_2,meter_iawe,air_conditioner_1,air_conditioner,276.54,0.0,good
2023-06-01T13:26:00Z,IAWE_house_2,bldg_iawe_2,meter_iawe,air_conditioner_2,air_conditioner,2032.21,1591.64,good
2023-06-01T13:27:00Z,IAWE_house_2,bldg_iawe_2,meter_iawe,air_conditioner_1,air_conditioner,394.04,0.0,good
2023-06-01T13:28:00Z,IAWE_house_1,bldg_iawe_1,meter_iawe,air_conditioner_2,air_conditioner,276.91,0.0,good
2023-06-01T13:29:00Z,IAWE_house_1,bldg_iawe_1,meter_iawe,air_conditioner_2,air_conditioner,2222.46,2101.32,good
2023-06-01T13:30:00Z,IAWE_house_1,bldg_iawe_1,meter_iawe,air_conditioner_2,air_conditioner,2320.48,2003.18,good
2023-06-01T13:31:00Z,IAWE_house_1,bldg_iawe_1,meter_iawe,air_conditioner_1,air_conditioner,2163.26,1908.35,good
2023-06-01T13:32:00Z,IAWE_house_1,bldg_iawe_1,meter_iawe,fridge,fridge,123.58,5.0,good
2023-06-01T13:33:00Z,IAWE_house_2,bldg_iawe_2,meter_iawe,lighting,lighting,180.46,0.0,good
2023-06-01T13:34:00Z,IAWE_house_1,bldg_iawe_1,meter_iawe,air_conditioner_1,air_conditioner,127.97,0.0,good
2023-06-01T13:35:00Z,IAWE_house_1,bldg_iawe_1,meter_iawe,other,other,542.82,172.33,good
2023-06-01T13:36:00Z,IAWE_house_2,bldg_iawe_2,meter_iawe,air_conditioner_1,air_conditioner,2188.26,1986.91,good
2023-06-01T13:37:00Z,IAWE_house_1,bldg_iawe_1,meter_iawe,air_conditioner_1,air_conditioner,2267.09,1988.4,good
2023-06-01T13:38:00Z,IAWE_house_1,bldg_iawe_1,meter_iawe,air_conditioner_1,air_conditioner,1899.62,1459.72,good
2023-06-01T13:39:00Z,IAWE_house_2,bldg_iawe_2,meter_iawe,air_conditioner_2,air_conditioner,217.74,0.0,good
2023-06-01T13:40:00Z,IAWE_house_1,bldg_iawe_1,meter_iawe,air_conditioner_1,air_conditioner,2376.68,2063.79,good
2023-06-01T13:41:00Z,IAWE_house_2,bldg_iawe_2,meter_iawe,fridge,fridge,86.65,5.0,good
2023-06-01T13:42:00Z,IAWE_house_2,bldg_iawe_2,meter_iawe,other,other,229.34,128.62,good
2023-06-01T13:43:00Z,IAWE_house_1,bldg_iawe_1,meter_iawe,air_conditioner_1,air_conditioner,2042.01,1682.95,good
2023-06-01T13:44:00Z,IAWE_house_1,bldg_iawe_1,meter_iawe,air_conditioner_2,air_conditioner,2304.15,1934.06,good
2023-06-01T13:45:00Z,IAWE_house_1,bldg_iawe_1,meter_iawe,fridge,fridge,190.48,84.65,good
2023-06-01T13:46:00Z,IAWE_house_2,bldg_iawe_2,meter_iawe,fridge,fridge,184.23,5.0,good
2023-06-01T13:47:00Z,IAWE_house_1,bldg_iawe_1,meter_iawe,other,other,666.82,305.91,good
2023-06-01T13:48:00Z,IAWE_house_2,bldg_iawe_2,meter_iawe,air_conditioner_1,air_conditioner,2553.94,2057.17,good
2023-06-01T13:49:00Z,IAWE_house_2,bldg_iawe_2,meter_iawe,air_conditioner_1,air_conditioner,1905.15,1666.77,good
2023-06-01T13:50:00Z,IAWE_house_1,bldg_iawe_1,meter_iawe,air_conditioner_2,air_conditioner,2401.15,2007.67,good
2023-06-01T13:51:00Z,IAWE_house_1,bldg_iawe_1,meter_iawe,other,other,832.37,567.16,good
2023-06-01T13:52:00Z,IAWE_house_1,bldg_iawe_1,meter_iawe,air_conditioner_1,air_conditioner,129.33,0.0,good
2023-06-01T13:53:00Z,IAWE_house_1,bldg_iawe_1,meter_iawe,fridge,fridge,135.8,5.0,good
2023-06-01T13:54:00Z,IAWE_house_2,bldg_iawe_2,meter_iawe,lighting,lighting,173.21,76.66,good
2023-06-01T13:55:00Z,IAWE_house_2,bldg_iawe_2,meter_iawe,fridge,fridge,73.48,5.0,good
2023-06-01T13:56:00Z,IAWE_house_1,bldg_iawe_1,meter_iawe,fridge,fridge,153.69,103.65,good
2023-06-01T13:57:00Z,IAWE_house_2,bldg_iawe_2,meter_iawe,lighting,lighting,161.36,100.78,good
2023-06-01T13:58:00Z,IAWE_house_1,bldg_iawe_1,meter_iawe,air_conditioner_2,air_conditioner,1740.08,1622.2,good
2023-06-01T13:59:00Z,IAWE_house_2,bldg_iawe_2,meter_iawe,air_conditioner_1,air_conditioner,1488.77,1388.65,good
2023-06-01T14:00:00Z,IAWE_house_1,bldg_iawe_1,meter_iawe,lighting,lighting,234.58,0.0,good
2023-06-01T14:01:00Z,IAWE_house_2,bldg_iawe_2,meter_iawe,air_conditioner_1,air_conditioner,2534.05,2053.04,good
2023-06-01T14:02:00Z,IAWE_house_2,bldg_iawe_2,meter_iawe,air_conditioner_2,air_conditioner,1850.92,1625.06,good
2023-06-01T14:03:00Z,IAWE_house_1,bldg_iawe_1,meter_iawe,lighting,lighting,296.98,122.05,good
2023-06-01T14:04:00Z,IAWE_house_1,bldg_iawe_1,meter_iawe,other,other,527.97,156.69,good
2023-06-01T14:05:00Z,IAWE_house_1,bldg_iawe_1,meter_iawe,air_conditioner_2,air_conditioner,2412.05,2113.23,good
2023-06-01T14:06:00Z,IAWE_house_1,bldg_iawe_1,meter_iawe,other,other,1144.75,794.63,good
2023-06-01T14:07:00Z,IAWE_house_2,bldg_iawe_2,meter_iawe,air_conditioner_1,air_conditioner,2635.77,2184.27,good
2023-06-01T14:08:00Z,IAWE_house_2,bldg_iawe_2,meter_iawe,air_conditioner_2,air_conditioner,1855.11,1384.79,good
2023-06-01T14:09:00Z,IAWE_house_1,bldg_iawe_1,meter_iawe,lighting,lighting,329.12,43.53,good
2023-06-01T14:10:00Z,IAWE_house_1,bldg_iawe_1,meter_iawe,other,other,444.43,143.53,good
2023-06-01T14:11:00Z,IAWE_house_1,bldg_iawe_1,meter_iawe,fridge,fridge,316.2,128.88,good
2023-06-01T14:12:00Z,IAWE_house_2,bldg_iawe_2,meter_iawe,air_conditioner_2,air_conditioner,2097.23,1720.8,good
2023-06-01T14:13:00Z,IAWE_house_1,bldg_iawe_1,meter_iawe,other,other,1135.2,744.82,good
2023-06-01T14:14:00Z,IAWE_house_1,bldg_iawe_1,meter_iawe,air_conditioner_1,air_conditioner,2164.0,2057.18,good
2023-06-01T14:15:00Z,IAWE_house_2,bldg_iawe_2,meter_iawe,other,other,744.49,597.38,good
2023-06-01T14:16:00Z,IAWE_house_1,bldg_iawe_1,meter_iawe,fridge,fridge,208.58,149.59,good
2023-06-01T14:17:00Z,IAWE_house_2,bldg_iawe_2,meter_iawe,other,other,836.14,456.32,good
2023-06-01T14:18:00Z,IAWE_house_1,bldg_iawe_1,meter_iawe,lighting,lighting,368.15,90.63,good
2023-06-01T14:19:00Z,IAWE_house_2,bldg_iawe_2,meter_iawe,air_conditioner_1,air_conditioner,1686.91,1215.08,good
2023-06-01T14:20:00Z,IAWE_house_1,bldg_iawe_1,meter_iawe,lighting,lighting,193.9,85.42,good
2023-06-01T14:21:00Z,IAWE_house_1,bldg_iawe_1,meter_iawe,air_conditioner_2,air_conditioner,1739.76,1479.09,good
2023-06-01T14:22:00Z,IAWE_house_1,bldg_iawe_1,meter_iawe,air_conditioner_2,air_conditioner,114.75,0.0,good
2023-06-01T14:23:00Z,IAWE_house_2,bldg_iawe_2,meter_iawe,air_conditioner_1,air_conditioner,444.74,0.0,good
2023-06-01T14:24:00Z,IAWE_house_1,bldg_iawe_1,meter_iawe,air_conditioner_2,air_conditioner,1960.6,1669.64,good
2023-06-01T14:25:00Z,IAWE_house_1,bldg_iawe_1,meter_iawe,air_conditioner_2,air_conditioner,1706.77,1551.54,good
2023-06-01T14:26:00Z,IAWE_house_1,bldg_iawe_1,meter_iawe,air_conditioner_1,air_conditioner,303.98,0.0,good
2023-06-01T14:27:00Z,IAWE_house_1,bldg_iawe_1,meter_iawe,other,other,806.03,422.49,good
2023-06-01T14:28:00Z,IAWE_house_1,bldg_iawe_1,meter_iawe,air_conditioner_2,air_conditioner,2521.0,2188.13,good
2023-06-01T14:29:00Z,IAWE_house_1,bldg_iawe_1,meter_iawe,air_conditioner_2,air_conditioner,216.76,0.0,good
2023-06-01T14:30:00Z,IAWE_house_2,bldg_iawe_2,meter_iawe,air_conditioner_1,air_conditioner,1906.48,1712.25,good
2023-06-01T14:31:00Z,IAWE_house_1,bldg_iawe_1,meter_iawe,lighting,lighting,138.22,0.0,good
2023-06-01T14:32:00Z,IAWE_house_2,bldg_iawe_2,meter_iawe,air_conditioner_2,air_conditioner,130.37,0.0,good
2023-06-01T14:33:00Z,IAWE_house_1,bldg_iawe_1,meter_iawe,other,other,383.08,264.64,good
2023-06-01T14:34:00Z,IAWE_house_1,bldg_iawe_1,meter_iawe,fridge,fridge,137.67,80.86,good
2023-06-01T14:35:00Z,IAWE_house_1,bldg_iawe_1,meter_iawe,other,other,570.97,341.49,good
2023-06-01T14:36:00Z,IAWE_house_1,bldg_iawe_1,meter_iawe,air_conditioner_1,air_conditioner,2008.45,1705.82,good
2023-06-01T14:37:00Z,IAWE_house_1,bldg_iawe_1,meter_iawe,air_conditioner_1,air_conditioner,225.57,0.0,good
2023-06-01T14:38:00Z,IAWE_house_1,bldg_iawe_1,meter_iawe,air_conditioner_2,air_conditioner,422.6,0.0,good
2023-06-01T14:39:00Z,IAWE_house_2,bldg_iawe_2,meter_iawe,air_conditioner_1,air_conditioner,2214.38,2001.59,good
2023-06-01T14:40:00Z,IAWE_house_2,bldg_iawe_2,meter_iawe,lighting,lighting,268.37,68.4,good
2023-06-01T14:41:00Z,IAWE_house_2,bldg_iawe_2,meter_iawe,lighting,lighting,413.67,129.12,good
2023-06-01T14:42:00Z,IAWE_house_2,bldg_iawe_2,meter_iawe,air_conditioner_1,air_conditioner,1744.11,1585.61,good
2023-06-01T14:43:00Z,IAWE_house_2,bldg_iawe_2,meter_iawe,air_conditioner_1,air_conditioner,1690.2,1455.2,good
2023-06-01T14:44:00Z,IAWE_house_1,bldg_iawe_1,meter_iawe,air_conditioner_2,air_conditioner,2176.1,1904.2,good
2023-06-01T14:45:00Z,IAWE_house_1,bldg_iawe_1,meter_iawe,air_conditioner_1,air_conditioner,143.74,0.0,good
2023-06-01T14:46:00Z,IAWE_house_1,bldg_iawe_1,meter_iawe,air_conditioner_1,air_conditioner,1595.77,1207.33,good
2023-06-01T14:47:00Z,IAWE_house_2,bldg_iawe_2,meter_iawe,air_conditioner_2,air_conditioner,174.16,0.0,good
2023-06-01T14:48:00Z,IAWE_house_2,bldg_iawe_2,meter_iawe,air_conditioner_2,air_conditioner,1849.01,1406.94,good
2023-06-01T14:49:00Z,IAWE_house_2,bldg_iawe_2,meter_iawe,other,other,653.73,521.27,good
2023-06-01T14:50:00Z,IAWE_house_1,bldg_iawe_1,meter_iawe,other,other,299.44,177.55,good
2023-06-01T14:51:00Z,IAWE_house_2,bldg_iawe_2,meter_iawe,air_conditioner_2,air_conditioner,2384.05,1921.28,good
2023-06-01T14:52:00Z,IAWE_house_2,bldg_iawe_2,meter_iawe,lighting,lighting,202.87,119.97,good
2023-06-01T14:53:00Z,IAWE_house_1,bldg_iawe_1,meter_iawe,air_conditioner_1,air_conditioner,228.16,0.0,good
2023-06-01T14:54:00Z,IAWE_house_2,bldg_iawe_2,meter_iawe,fridge,fridge,114.8,5.0,good
2023-06-01T14:55:00Z,IAWE_house_1,bldg_iawe_1,meter_iawe,air_conditioner_2,air_conditioner,1775.27,1345.54,good
2023-06-01T14:56:00Z,IAWE_house_2,bldg_iawe_2,meter_iawe,fridge,fridge,167.78,5.0,good
2023-06-01T14:57:00Z,IAWE_house_2,bldg_iawe_2,meter_iawe,air_conditioner_2,air_conditioner,2390.31,2195.03,good
2023-06-01T14:58:00Z,IAWE_house_1,bldg_iawe_1,meter_iawe,air_conditioner_1,air_conditioner,320.7,0.0,good
2023-06-01T14:59:00Z,IAWE_house_1,bldg_iawe_1,meter_iawe,lighting,lighting,305.53,146.33,good
2023-06-01T15:00:00Z,IAWE_house_1,bldg_iawe_1,meter_iawe,air_conditioner_1,air_conditioner,2264.67,1868.21,good
2023-06-01T15:01:00Z,IAWE_house_1,bldg_iawe_1,meter_iawe,fridge,fridge,291.36,92.71,good
2023-06-01T15:02:00Z,IAWE_house_1,bldg_iawe_1,meter_iawe,other,other,734.69,404.41,good
2023-06-01T15:03:00Z,IAWE_house_2,bldg_iawe_2,meter_iawe,air_conditioner_1,air_conditioner,193.12,0.0,good
2023-06-01T15:04:00Z,IAWE_house_1,bldg_iawe_1,meter_iawe,other,other,798.8,496.33,good
2023-06-01T15:05:00Z,IAWE_house_2,bldg_iawe_2,meter_iawe,lighting,lighting,264.46,0.0,good
2023-06-01T15:06:00Z,IAWE_house_1,bldg_iawe_1,meter_iawe,lighting,lighting,259.58,55.05,good
2023-06-01T15:07:00Z,IAWE_house_2,bldg_iawe_2,meter_iawe,air_conditioner_1,air_conditioner,1715.0,1301.47,good
2023-06-01T15:08:00Z,IAWE_house_2,bldg_iawe_2,meter_iawe,air_conditioner_1,air_conditioner,2300.1,1902.45,good
2023-06-01T15:09:00Z,IAWE_house_2,bldg_iawe_2,meter_iawe,air_conditioner_1,air_conditioner,1747.18,1375.83,good
2023-06-01T15:10:00Z,IAWE_house_1,bldg_iawe_1,meter_iawe,air_conditioner_2,air_conditioner,162.11,0.0,good
2023-06-01T15:11:00Z,IAWE_house_2,bldg_iawe_2,meter_iawe,air_conditioner_1,air_conditioner,1933.54,1588.78,good
2023-06-01T15:12:00Z,IAWE_house_2,bldg_iawe_2,meter_iawe,other,other,956.53,565.52,good
2023-06-01T15:13:00Z,IAWE_house_1,bldg_iawe_1,meter_iawe,fridge,fridge,80.85,5.0,good
2023-06-01T15:14:00Z,IAWE_house_1,bldg_iawe_1,meter_iawe,other,other,842.48,579.21,good
2023-06-01T15:15:00Z,IAWE_house_2,bldg_iawe_2,meter_iawe,other,other,920.52,790.27,good
2023-06-01T15:16:00Z,IAWE_house_2,bldg_iawe_2,meter_iawe,air_conditioner_2,air_conditioner,1543.85,1304.88,good
2023-06-01T15:17:00Z,IAWE_house_2,bldg_iawe_2,meter_iawe,air_conditioner_1,air_conditioner,1564.28,1297.6,good
2023-06-01T15:18:00Z,IAWE_house_2,bldg_iawe_2,meter_iawe,other,other,613.58,333.25,good
2023-06-01T15:19:00Z,IAWE_house_1,bldg_iawe_1,meter_iawe,lighting,lighting,332.13,61.5,good
2023-06-01T15:20:00Z,IAWE_house_1,bldg_iawe_1,meter_iawe,fridge,fridge,99.84,5.0,good
2023-06-01T15:21:00Z,IAWE_house_2,bldg_iawe_2,meter_iawe,other,other,267.75,107.66,good
2023-06-01T15:22:00Z,IAWE_house_1,bldg_iawe_1,meter_iawe,air_conditioner_2,air_conditioner,1925.3,1459.87,good
2023-06-01T15:23:00Z,IAWE_house_2,bldg_iawe_2,meter_iawe,other,other,477.73,355.53,good
2023-06-01T15:24:00Z,IAWE_house_2,bldg_iawe_2,meter_iawe,air_conditioner_2,air_conditioner,2147.85,1845.05,good
2023-06-01T15:25:00Z,IAWE_house_1,bldg_iawe_1,meter_iawe,lighting,lighting,146.98,81.94,good
2023-06-01T15:26:00Z,IAWE_house_1,bldg_iawe_1,meter_iawe,lighting,lighting,304.05,49.43,good
2023-06-01T15:27:00Z,IAWE_house_1,bldg_iawe_1,meter_iawe,fridge,fridge,206.58,140.88,good
2023-06-01T15:28:00Z,IAWE_house_1,bldg_iawe_1,meter_iawe,fridge,fridge,287.85,126.64,good
2023-06-01T15:29:00Z,IAWE_house_2,bldg_iawe_2,meter_iawe,lighting,lighting,219.85,132.9,good
2023-06-01T15:30:00Z,IAWE_house_2,bldg_iawe_2,meter_iawe,air_conditioner_2,air_conditioner,179.66,0.0,good
2023-06-01T15:31:00Z,IAWE_house_1,bldg_iawe_1,meter_iawe,air_conditioner_2,air_conditioner,2336.49,1945.47,good
2023-06-01T15:32:00Z,IAWE_house_1,bldg_iawe_1,meter_iawe,air_conditioner_2,air_conditioner,2323.17,2007.16,good
2023-06-01T15:33:00Z,IAWE_house_1,bldg_iawe_1,meter_iawe,fridge,fridge,173.07,92.38,good
2023-06-01T15:34:00Z,IAWE_house_2,bldg_iawe_2,meter_iawe,air_conditioner_2,air_conditioner,161.0,0.0,good
2023-06-01T15:35:00Z,IAWE_house_1,bldg_iawe_1,meter_iawe,air_conditioner_2,air_conditioner,435.37,0.0,good
2023-06-01T15:36:00Z,IAWE_house_1,bldg_iawe_1,meter_iawe,other,other,847.57,665.08,good
2023-06-01T15:37:00Z,IAWE_house_2,bldg_iawe_2,meter_iawe,fridge,fridge,278.32,101.93,good
2023-06-01T15:38:00Z,IAWE_house_1,bldg_iawe_1,meter_iawe,other,other,699.2,433.18,good
2023-06-01T15:39:00Z,IAWE_house_1,bldg_iawe_1,meter_iawe,air_conditioner_1,air_conditioner,2322.53,2145.98,good
2023-06-01T15:40:00Z,IAWE_house_2,bldg_iawe_2,meter_iawe,lighting,lighting,329.19,68.12,good
2023-06-01T15:41:00Z,IAWE_house_2,bldg_iawe_2,meter_iawe,fridge,fridge,182.2,5.0,good
2023-06-01T15:42:00Z,IAWE_house_1,bldg_iawe_1,meter_iawe,other,other,883.69,523.83,good
2023-06-01T15:43:00Z,IAWE_house_2,bldg_iawe_2,meter_iawe,air_conditioner_2,air_conditioner,1853.34,1467.88,good
2023-06-01T15:44:00Z,IAWE_house_1,bldg_iawe_1,meter_iawe,fridge,fridge,199.77,5.0,good
2023-06-01T15:45:00Z,IAWE_house_1,bldg_iawe_1,meter_iawe,air_conditioner_1,air_conditioner,444.19,0.0,good
2023-06-01T15:46:00Z,IAWE_house_2,bldg_iawe_2,meter_iawe,lighting,lighting,156.59,75.38,good
2023-06-01T15:47:00Z,IAWE_house_1,bldg_iawe_1,meter_iawe,other,other,346.15,186.2,good
2023-06-01T15:48:00Z,IAWE_house_2,bldg_iawe_2,meter_iawe,fridge,fridge,282.89,119.25,good
2023-06-01T15:49:00Z,IAWE_house_2,bldg_iawe_2,meter_iawe,other,other,605.95,492.47,good
2023-06-01T15:50:00Z,IAWE_house_1,bldg_iawe_1,meter_iawe,other,other,710.05,609.44,good
2023-06-01T15:51:00Z,IAWE_house_2,bldg_iawe_2,meter_iawe,lighting,lighting,251.22,61.52,good
2023-06-01T15:52:00Z,IAWE_house_2,bldg_iawe_2,meter_iawe,fridge,fridge,240.18,149.92,good
2023-06-01T15:53:00Z,IAWE_house_2,bldg_iawe_2,meter_iawe,other,other,972.9,690.31,good
2023-06-01T15:54:00Z,IAWE_house_1,bldg_iawe_1,meter_iawe,lighting,lighting,120.05,0.0,good
2023-06-01T15:55:00Z,IAWE_house_1,bldg_iawe_1,meter_iawe,other,other,819.52,447.71,good
2023-06-01T15:56:00Z,IAWE_house_2,bldg_iawe_2,meter_iawe,other,other,904.87,783.64,good
2023-06-01T15:57:00Z,IAWE_house_1,bldg_iawe_1,meter_iawe,air_conditioner_1,air_conditioner,341.54,0.0,good
2023-06-01T15:58:00Z,IAWE_house_2,bldg_iawe_2,meter_iawe,air_conditioner_2,air_conditioner,383.87,0.0,good
2023-06-01T15:59:00Z,IAWE_house_2,bldg_iawe_2,meter_iawe,fridge,fridge,116.01,5.0,good
2023-06-01T16:00:00Z,IAWE_house_2,bldg_iawe_2,meter_iawe,other,other,854.16,740.81,good
2023-06-01T16:01:00Z,IAWE_house_2,bldg_iawe_2,meter_iawe,air_conditioner_1,air_conditioner,2232.34,1744.42,good
2023-06-01T16:02:00Z,IAWE_house_1,bldg_iawe_1,meter_iawe,fridge,fridge,289.3,149.0,good
2023-06-01T16:03:00Z,IAWE_house_1,bldg_iawe_1,meter_iawe,air_conditioner_1,air_conditioner,2209.05,2025.42,good
2023-06-01T16:04:00Z,IAWE_house_1,bldg_iawe_1,meter_iawe,air_conditioner_1,air_conditioner,2273.47,1819.54,good
2023-06-01T16:05:00Z,IAWE_house_2,bldg_iawe_2,meter_iawe,fridge,fridge,167.5,83.19,good
2023-06-01T16:06:00Z,IAWE_house_1,bldg_iawe_1,meter_iawe,fridge,fridge,193.77,5.0,good
2023-06-01T16:07:00Z,IAWE_house_2,bldg_iawe_2,meter_iawe,lighting,lighting,379.42,143.28,good
2023-06-01T16:08:00Z,IAWE_house_1,bldg_iawe_1,meter_iawe,lighting,lighting,62.72,0.0,good
2023-06-01T16:09:00Z,IAWE_house_2,bldg_iawe_2,meter_iawe,air_conditioner_2,air_conditioner,113.88,0.0,good
2023-06-01T16:10:00Z,IAWE_house_2,bldg_iawe_2,meter_iawe,air_conditioner_2,air_conditioner,2017.0,1741.03,good
2023-06-01T16:11:00Z,IAWE_house_1,bldg_iawe_1,meter_iawe,fridge,fridge,111.31,5.0,good
2023-06-01T16:12:00Z,IAWE_house_1,bldg_iawe_1,meter_iawe,fridge,fridge,174.98,5.0,good
2023-06-01T16:13:00Z,IAWE_house_1,bldg_iawe_1,meter_iawe,air_conditioner_2,air_conditioner,422.14,0.0,good
2023-06-01T16:14:00Z,IAWE_house_2,bldg_iawe_2,meter_iawe,lighting,lighting,237.31,114.17,good
2023-06-01T16:15:00Z,IAWE_house_2,bldg_iawe_2,meter_iawe,lighting,lighting,52.44,0.0,good
2023-06-01T16:16:00Z,IAWE_house_1,bldg_iawe_1,meter_iawe,other,other,658.03,506.34,good
2023-06-01T16:17:00Z,IAWE_house_1,bldg_iawe_1,meter_iawe,lighting,lighting,172.44,65.66,good
2023-06-01T16:18:00Z,IAWE_house_2,bldg_iawe_2,meter_iawe,air_conditioner_1,air_conditioner,2150.76,1716.0,good
2023-06-01T16:19:00Z,IAWE_house_1,bldg_iawe_1,meter_iawe,air_conditioner_1,air_conditioner,1451.93,1286.32,good
2023-06-01T16:20:00Z,IAWE_house_2,bldg_iawe_2,meter_iawe,air_conditioner_1,air_conditioner,2336.34,1868.37,good
2023-06-01T16:21:00Z,IAWE_house_1,bldg_iawe_1,meter_iawe,air_conditioner_1,air_conditioner,1771.05,1482.69,good
2023-06-01T16:22:00Z,IAWE_house_1,bldg_iawe_1,meter_iawe,other,other,646.54,322.71,good
2023-06-01T16:23:00Z,IAWE_house_1,bldg_iawe_1,meter_iawe,other,other,269.52,162.31,good
2023-06-01T16:24:00Z,IAWE_house_2,bldg_iawe_2,meter_iawe,other,other,303.96,158.03,good
2023-06-01T16:25:00Z,IAWE_house_2,bldg_iawe_2,meter_iawe,air_conditioner_2,air_conditioner,1651.41,1451.01,good
2023-06-01T16:26:00Z,IAWE_house_2,bldg_iawe_2,meter_iawe,air_conditioner_2,air_conditioner,101.07,0.0,good
2023-06-01T16:27:00Z,IAWE_house_1,bldg_iawe_1,meter_iawe,lighting,lighting,336.73,141.54,good
2023-06-01T16:28:00Z,IAWE_house_1,bldg_iawe_1,meter_iawe,other,other,559.07,237.62,good
2023-06-01T16:29:00Z,IAWE_house_2,bldg_iawe_2,meter_iawe,air_conditioner_1,air_conditioner,207.55,0.0,good
2023-06-01T16:30:00Z,IAWE_house_2,bldg_iawe_2,meter_iawe,other,other,611.23,416.04,good
2023-06-01T16:31:00Z,IAWE_house_2,bldg_iawe_2,meter_iawe,other,other,275.36,105.12,good
2023-06-01T16:32:00Z,IAWE_house_1,bldg_iawe_1,meter_iawe,air_conditioner_2,air_conditioner,2084.07,1969.47,good
2023-06-01T16:33:00Z,IAWE_house_2,bldg_iawe_2,meter_iawe,lighting,lighting,183.19,0.0,good
2023-06-01T16:34:00Z,IAWE_house_1,bldg_iawe_1,meter_iawe,other,other,571.35,220.12,good
2023-06-01T16:35:00Z,IAWE_house_1,bldg_iawe_1,meter_iawe,air_conditioner_2,air_conditioner,1954.54,1843.01,good
2023-06-01T16:36:00Z,IAWE_house_1,bldg_iawe_1,meter_iawe,other,other,503.62,270.16,good
2023-06-01T16:37:00Z,IAWE_house_2,bldg_iawe_2,meter_iawe,air_conditioner_2,air_conditioner,214.54,0.0,good
2023-06-01T16:38:00Z,IAWE_house_2,bldg_iawe_2,meter_iawe,air_conditioner_2,air_conditioner,175.43,0.0,good
2023-06-01T16:39:00Z,IAWE_house_1,bldg_iawe_1,meter_iawe,other,other,630.02,293.53,good
